TV_MONDAY,TV_TUESDAY,TV_WEDNESDAY,TV_THURSDAY,TV_FRIDAY,TV_SATURDAY,TV_SUNDAY,TOTAL_CONV
0.0,0.0,0.0,0.0,0.0,0.0,0.0,16
0.0,0.0,2.1,0.0,0.0,11.41,0.08,1
0.0,0.0,0.0,0.0,0.0,0.0,1.0,1
1.51,0.0,0.0,0.0,0.0,0.0,0.0,1
1.08,2.08,0.24,1.4,3.92,7.56,16.27,1
0.0,0.0,0.0,0.0,0.0,0.17,0.0,1
0.72,0.0,0.0,0.0,0.82,0.0,0.34,1
0.0,0.7,0.0,0.08,0.78,0.0,2.4,1
0.0,0.0,0.0,0.0,0.0,0.0,0.0,2
0.0,0.0,0.0,0.99,0.0,14.28,1.4,2
1.19,0.34,0.34,1.02,1.96,0.98,2.1,1
0.0,0.0,0.0,0.06,0.0,0.0,0.0,1
0.0,0.06,0.0,0.0,0.0,0.0,1.04,1
0.0,0.0,0.0,0.0,0.0,1.47,0.0,1
0.0,0.0,0.0,0.0,0.0,0.7,0.0,1
1.7,0.0,2.38,0.0,0.34,1.19,1.7,1
0.0,0.0,0.0,0.0,0.7,0.0,0.0,1
0.24,0.84,0.0,1.02,2.38,0.72,0.0,1
0.08,0.0,0.0,0.0,0.0,0.0,0.0,1
0.0,0.68,0.0,0.0,0.0,0.0,0.0,1
0.0,0.0,0.98,0.0,0.0,0.0,0.0,1
2.81,4.65,0.0,3.14,2.11,4.22,2.48,1
0.36,0.12,0.08,0.33,0.0,0.0,0.48,1
0.0,0.0,0.0,0.0,0.0,0.0,0.0,13
0.0,0.0,0.0,0.0,0.0,0.0,1.0,1
0.0,0.12,0.51,0.03,0.0,0.06,4.05,1
0.17,0.49,0.0,0.0,0.0,0.0,0.51,1
0.0,0.0,0.0,0.0,0.0,0.0,0.0,8
0.0,2.86,0.0,3.0,9.3,15.18,7.31,1
3.76,0.0,0.0,0.0,1.0,0.94,0.0,1
0.0,0.0,0.0,0.0,0.0,0.0,0.0,1
0.08,0.48,0.06,0.0,0.0,0.0,0.0,1
0.0,0.0,0.0,3.62,0.0,0.0,0.98,1
1.19,1.19,0.0,0.0,7.77,1.19,1.73,1
0.0,0.0,0.98,0.0,0.0,1.02,0.34,1
0.0,0.0,0.0,0.0,0.0,0.73,0.0,1
0.12,0.03,0.0,0.0,0.0,0.03,0.12,1
0.0,0.0,0.0,0.0,0.0,0.0,0.0,2
0.0,0.0,0.49,1.4,0.0,0.0,0.0,1
0.0,0.0,0.0,0.0,0.0,0.0,0.0,5
0.0,0.0,0.0,0.0,0.0,0.0,0.0,85
0.49,0.0,0.0,0.7,0.0,0.0,0.49,1
0.7,0.34,0.0,0.7,0.0,0.0,0.0,1
0.0,0.0,0.0,0.24,0.0,1.24,0.17,1
0.0,0.0,0.0,1.0,0.0,0.36,0.0,1
0.0,0.0,0.0,0.0,0.0,0.96,0.0,1
0.49,0.0,0.0,0.0,0.0,0.0,0.0,1
0.0,0.0,0.34,0.24,0.98,1.41,0.68,1
0.0,0.0,0.0,0.0,0.0,1.98,1.82,1
0.0,2.1,4.1,0.0,0.08,2.5,2.96,1
0.0,0.0,0.17,0.34,0.41,0.34,0.0,1
0.0,0.0,0.0,0.0,0.0,1.47,2.84,1
0.0,0.0,0.0,0.0,1.84,3.96,0.0,1
0.0,0.0,0.0,0.0,0.0,0.0,0.0,1
0.0,0.0,0.34,0.6,0.53,0.24,18.38,1
0.0,0.0,0.0,0.0,0.0,0.0,0.0,3
0.0,1.49,0.0,0.0,2.28,0.0,0.81,1
0.49,0.0,1.17,0.34,0.46,0.34,0.2,1
5.04,4.8,2.7,8.1,5.4,8.28,3.96,1
0.0,0.0,0.0,0.0,0.0,0.0,0.0,1
3.57,0.0,0.0,0.0,3.57,0.0,0.24,1
0.0,0.0,0.0,0.0,0.0,0.0,0.49,1
0.0,0.0,0.0,0.0,0.0,0.0,1.4,1
0.0,0.0,0.0,0.0,1.17,1.02,1.02,1
0.0,0.0,0.0,0.0,0.0,0.0,0.56,1
0.0,0.0,0.0,0.0,0.03,0.0,0.04,1
0.0,0.0,0.0,0.0,0.0,0.0,0.48,1
0.0,1.0,0.0,1.0,1.7,0.0,0.0,1
0.68,0.34,0.0,0.0,0.24,0.0,0.0,1
0.0,0.0,0.0,0.0,0.0,0.0,0.24,1
0.0,0.17,0.0,0.0,1.0,0.0,0.0,1
0.12,0.28,0.0,0.2,0.12,0.0,0.0,1
1.81,2.43,2.66,3.8,3.94,3.73,0.49,1
0.0,0.0,0.0,0.0,2.1,0.0,0.0,1
0.0,0.0,0.0,0.0,0.25,0.5,0.0,1
0.0,0.0,0.83,1.19,0.0,2.87,0.34,1
0.0,0.0,0.0,0.0,0.0,0.0,0.48,1
0.0,0.0,0.0,0.0,1.02,0.0,0.0,1
0.0,0.0,0.0,0.0,0.0,2.22,0.0,1
0.0,0.0,0.0,0.0,0.0,0.0,0.0,4
0.7,0.0,2.1,0.7,1.47,4.0,8.4,1
0.0,0.0,0.0,0.0,0.0,0.7,0.0,2
0.0,0.0,0.0,0.0,0.0,0.0,0.0,3
0.0,0.12,0.0,0.0,0.0,0.0,0.0,1
2.0,1.0,0.0,0.0,0.72,0.12,0.34,1
0.0,0.0,0.0,1.33,0.0,0.0,0.0,1
0.0,0.0,0.0,0.0,0.98,0.0,0.0,1
0.0,0.0,0.0,0.0,0.0,0.0,0.0,1
0.0,0.0,0.0,0.0,0.0,0.0,0.0,1
0.0,0.0,0.54,0.0,0.0,0.0,16.86,1
0.0,0.0,0.0,0.0,0.0,0.0,0.0,3
0.0,0.0,0.0,0.0,0.0,0.0,0.17,1
1.0,0.0,1.4,0.0,4.2,2.0,0.0,1
0.0,0.0,0.0,0.0,0.0,0.0,0.0,1
2.12,0.24,2.8,7.0,0.0,0.0,4.36,1
0.0,0.12,0.0,0.34,0.0,0.0,0.0,1
0.0,0.0,0.0,0.0,0.0,0.0,0.12,1
0.0,0.0,0.0,0.0,0.0,0.0,0.24,1
0.0,0.18,0.06,0.24,0.0,0.16,0.0,1
0.0,0.0,1.0,0.0,0.0,3.5,0.0,1
0.0,0.0,0.0,0.0,0.0,0.0,0.0,1
0.0,0.0,0.49,0.0,0.0,0.0,0.0,1
2.98,11.9,0.0,0.0,0.0,4.38,0.0,1
0.86,1.61,1.19,0.49,0.24,2.16,0.12,1
0.82,0.24,1.84,0.65,1.55,4.36,3.85,1
0.0,1.36,0.0,0.0,0.0,0.0,0.0,1
0.0,0.0,0.16,0.0,0.7,0.08,2.0,1
0.0,0.0,0.0,0.08,1.7,1.7,0.0,1
0.0,0.0,0.0,0.0,0.0,0.0,0.0,1
0.0,0.0,0.0,0.0,0.0,0.12,0.0,1
0.7,0.0,1.0,0.0,1.4,0.7,0.7,1
0.0,0.0,2.0,0.0,0.0,0.0,0.7,1
0.34,0.0,2.12,0.24,2.06,0.96,0.61,1
0.0,0.0,0.0,0.0,0.0,1.02,0.0,1
15.04,8.99,0.65,2.64,1.34,2.9,5.6,1
0.0,1.0,0.0,0.0,0.0,0.0,0.0,1
0.0,1.96,0.0,0.0,0.0,0.0,0.0,1
0.0,0.0,0.0,0.0,0.0,0.0,0.0,1
0.0,0.0,0.0,0.0,0.34,0.0,0.24,1
0.0,1.4,0.0,0.0,0.34,0.0,0.0,1
0.0,0.0,0.0,0.0,0.0,0.0,0.0,3
0.89,0.12,0.06,0.0,0.61,5.83,3.81,1
0.0,0.0,0.0,0.0,0.17,0.0,0.0,2
0.0,0.0,0.0,0.0,0.0,0.0,0.0,1
0.0,0.17,0.0,1.48,0.34,0.94,0.0,1
0.0,0.27,0.48,0.65,0.04,0.41,0.52,2
0.24,0.72,0.0,0.34,0.0,0.0,0.0,3
0.0,0.0,1.0,1.0,0.0,0.7,0.0,1
0.0,0.0,0.0,0.0,0.0,0.49,0.0,1
0.0,1.0,0.0,0.7,0.0,0.0,0.0,1
0.98,0.0,0.0,0.0,0.0,0.0,0.49,2
0.0,0.78,1.48,1.4,0.0,0.0,0.0,1
0.23,0.0,0.0,0.0,0.0,0.0,3.43,1
0.0,0.0,0.0,0.0,0.0,0.57,0.0,2
0.0,0.0,0.0,0.0,0.49,0.0,0.0,1
0.82,0.0,0.98,0.49,0.24,0.92,0.0,1
0.7,0.7,0.98,0.7,0.0,0.0,0.0,1
6.4,4.8,8.4,8.0,4.45,5.8,1.0,1
0.2,1.4,1.18,0.7,0.46,3.97,0.0,1
0.98,0.98,0.24,0.0,1.83,0.0,0.24,1
0.08,0.0,0.0,0.0,0.0,0.7,0.0,1
0.34,0.0,0.0,0.0,0.0,0.0,0.0,1
3.99,2.0,0.0,4.97,0.0,1.43,4.14,2
2.19,0.0,0.0,0.0,0.0,0.0,0.0,1
0.0,0.0,0.0,0.0,1.0,0.0,0.0,1
0.17,0.0,0.0,0.0,0.0,0.0,0.06,1
1.19,0.0,0.41,0.34,0.51,0.17,0.17,1
0.24,0.92,0.0,0.34,1.4,0.96,0.36,1
0.06,0.06,0.0,0.0,0.0,0.0,0.0,1
0.0,1.16,0.0,0.0,0.0,2.19,0.0,1
0.0,1.04,0.08,0.0,0.49,0.0,0.0,1
0.49,0.0,1.0,0.0,0.0,0.0,2.49,1
0.0,0.0,1.28,0.0,0.0,0.0,0.0,1
0.0,0.0,0.0,0.0,0.0,0.0,0.0,2
0.0,0.0,0.0,0.0,0.0,0.0,0.0,3
2.32,0.0,0.0,0.0,0.0,0.0,1.16,1
1.0,0.0,0.0,0.0,0.0,0.0,0.0,1
0.0,0.0,0.0,0.0,0.0,0.0,1.0,1
0.0,0.0,0.0,0.0,0.0,0.0,0.0,1
1.4,6.0,0.84,0.36,0.0,0.12,1.44,1
0.0,1.0,0.0,0.0,0.0,0.34,0.72,1
1.7,1.0,0.0,0.7,2.0,1.7,1.4,1
0.32,0.0,0.0,0.0,0.2,5.42,4.62,1
0.0,0.0,2.0,0.7,0.0,1.16,0.78,1
0.0,0.0,0.0,0.0,0.0,0.0,0.49,1
4.86,3.12,1.04,0.0,0.0,0.0,0.0,1
0.0,0.0,0.0,0.0,0.0,0.58,1.18,1
0.0,0.0,0.0,0.0,0.0,0.0,1.12,1
0.0,0.0,0.0,0.0,0.0,0.0,0.0,2
0.0,0.0,9.0,0.0,3.0,2.0,5.0,1
0.0,2.92,0.0,0.0,0.0,0.0,0.0,1
3.7,1.7,0.0,1.0,0.0,0.0,2.0,1
0.0,0.0,0.0,0.0,0.0,0.0,0.24,1
2.45,0.61,0.0,0.34,0.18,0.0,0.04,1
0.0,0.0,0.0,0.0,0.0,0.0,0.0,2
0.52,0.7,0.72,0.97,1.4,0.0,3.5,1
2.94,0.68,0.0,0.0,1.4,0.0,2.49,1
0.0,0.0,0.0,0.0,3.1,0.0,0.0,1
0.0,0.0,0.0,0.0,0.0,0.2,0.54,2
0.0,0.0,0.48,0.0,0.0,0.0,0.12,1
0.0,0.08,0.0,0.0,1.51,0.24,0.0,1
0.61,0.0,0.0,0.0,0.24,0.0,0.0,1
0.0,0.0,0.0,0.34,0.0,4.08,0.0,1
0.0,0.0,0.0,0.0,0.0,0.0,0.0,1
0.0,0.0,0.0,0.0,0.0,0.49,0.0,1
0.0,0.17,0.58,0.0,1.0,3.0,0.0,1
0.0,0.0,0.0,0.0,0.0,0.0,0.24,2
0.0,0.0,0.0,0.0,0.0,2.1,0.0,1
0.0,0.0,0.98,0.0,0.0,0.0,0.0,1
0.0,0.0,0.0,0.0,0.0,0.68,0.94,1
0.32,1.6,2.04,0.2,5.8,2.64,0.24,1
0.14,0.0,0.08,0.0,0.03,0.0,0.0,1
0.0,1.0,0.0,0.0,0.0,0.0,0.0,1
0.0,0.0,0.0,0.0,0.0,1.0,0.0,2
0.0,0.0,0.0,0.0,1.48,0.0,0.0,1
0.0,0.72,0.34,3.72,0.76,1.36,0.0,1
0.0,0.0,0.0,0.0,0.0,0.49,0.0,1
0.83,0.0,0.0,0.0,0.0,1.7,2.97,1
0.0,0.04,0.0,0.0,0.0,0.0,0.0,1
1.24,0.0,0.0,0.0,0.0,0.94,2.68,1
0.0,0.7,1.0,0.0,0.0,3.4,2.68,2
0.0,0.0,0.0,0.0,0.0,0.7,0.0,1
0.0,0.0,0.0,0.0,0.0,0.0,0.34,1
0.0,0.0,0.0,0.0,0.0,0.0,0.0,1
0.49,1.34,0.0,0.0,0.0,0.0,1.46,1
2.0,0.49,0.7,0.7,0.0,0.0,3.1,1
0.0,0.0,3.66,0.0,0.0,0.0,0.0,1
0.49,0.98,0.0,0.0,0.0,0.0,0.0,1
1.4,0.0,0.0,0.0,0.0,0.0,0.0,1
0.0,0.0,0.0,0.0,0.0,0.7,0.7,1
0.0,0.0,0.0,0.0,0.0,2.8,0.0,1
0.0,1.81,1.22,0.24,0.73,0.94,0.0,1
0.0,0.0,0.08,0.22,0.0,4.06,0.1,1
0.0,0.0,0.0,0.0,0.0,0.0,0.0,3
0.0,0.0,0.0,0.0,0.0,0.0,0.0,4
0.0,0.0,0.0,0.0,0.0,0.0,0.0,3
0.0,0.0,0.0,0.0,0.0,0.0,0.0,1
0.0,0.0,0.0,0.0,0.0,0.0,0.0,1
0.0,0.0,0.0,0.0,0.0,2.28,0.0,1
0.0,0.0,0.0,0.0,0.0,0.0,0.0,3
0.0,0.0,0.0,0.0,0.0,1.96,0.0,1
0.0,0.0,1.0,0.65,0.0,0.12,0.17,1
0.06,0.96,2.04,1.18,0.16,0.0,0.0,1
0.16,0.08,0.82,4.14,1.3,0.0,0.0,1
3.41,3.09,1.77,0.28,4.94,3.63,2.65,1
0.0,0.0,0.0,0.0,0.12,0.0,0.0,1
5.51,0.24,0.48,0.96,2.48,1.0,0.68,1
0.0,0.0,0.0,0.0,0.0,0.0,0.0,1
1.0,0.24,1.4,0.34,0.0,2.48,1.0,1
0.0,0.0,0.0,0.0,0.0,0.0,0.0,2
0.36,0.0,0.0,1.1,3.04,1.8,0.0,1
0.0,0.0,0.0,0.0,0.0,0.0,0.0,57
0.0,0.0,0.24,0.0,0.0,0.0,0.0,1
0.0,0.0,0.0,0.0,0.0,0.0,0.34,2
11.04,0.0,0.0,0.0,0.0,0.0,0.0,1
0.0,0.0,0.0,0.7,0.0,0.08,0.0,1
0.24,0.0,0.34,0.51,0.0,0.0,0.0,1
0.0,0.0,0.0,0.0,0.0,0.0,1.4,1
0.98,1.0,0.7,0.0,0.0,0.0,0.98,1
0.0,0.0,5.4,1.4,7.18,10.0,0.0,1
0.0,0.0,0.0,0.0,0.28,0.0,0.0,1
0.0,0.0,0.17,0.0,0.0,0.12,0.24,1
1.1,2.14,0.55,1.65,0.55,7.83,1.27,1
0.0,0.68,0.0,0.0,0.03,0.06,0.0,1
0.0,0.0,1.0,0.0,0.0,3.4,0.0,1
0.0,0.92,0.24,0.0,0.0,0.0,0.0,1
0.0,0.0,0.0,0.0,0.0,0.98,0.0,1
0.0,1.0,0.0,0.7,0.0,0.06,0.12,1
0.0,0.0,0.0,0.0,0.0,0.08,0.16,1
0.0,0.0,0.0,0.0,0.0,0.0,0.0,1
0.0,0.0,0.0,0.0,0.0,0.0,0.0,1
0.0,0.0,0.0,0.0,0.0,0.29,0.12,1
0.0,0.0,0.0,0.0,0.0,0.0,0.0,1
0.0,0.0,0.0,0.0,0.0,0.0,0.0,43
0.0,0.0,0.0,0.0,0.0,0.0,0.24,1
0.0,0.0,0.0,0.0,0.0,2.0,0.0,1
0.0,0.85,0.0,1.0,0.24,0.17,0.17,1
1.76,0.0,0.0,0.0,0.0,0.0,0.58,1
1.51,1.96,0.0,0.0,0.0,0.7,0.48,1
0.0,0.0,0.0,0.0,0.0,0.0,1.4,1
0.0,0.0,0.0,0.0,3.97,2.48,0.0,1
0.0,0.0,0.0,0.0,0.0,0.0,0.16,1
0.0,0.0,0.0,0.0,0.0,0.0,0.58,1
0.12,0.0,0.0,0.0,0.0,0.65,1.97,1
0.7,0.0,0.0,0.0,0.0,1.0,0.0,1
0.0,0.0,0.0,0.0,0.0,0.0,1.12,1
1.91,0.99,1.52,3.52,4.25,2.6,4.12,1
0.0,0.0,0.0,0.0,0.0,0.0,0.0,1
0.0,0.0,0.0,0.0,0.0,0.0,0.0,1
0.0,0.0,0.0,0.94,0.48,1.61,0.24,2
0.0,0.0,0.0,0.0,0.0,0.0,0.0,17
8.0,4.0,1.0,11.0,2.7,2.8,5.0,1
0.0,0.0,0.0,0.0,0.0,0.0,0.0,2
0.0,0.0,0.0,1.4,0.68,1.7,0.0,1
0.0,0.0,0.0,0.0,0.0,0.0,0.0,1
0.0,0.0,0.0,0.0,0.0,0.0,0.24,2
0.0,0.0,0.0,0.0,0.0,0.0,0.34,2
2.08,0.71,3.81,2.57,1.25,7.32,0.19,1
0.0,0.0,0.0,0.0,0.0,0.0,0.0,1
0.0,0.0,0.0,0.0,0.0,0.0,0.0,1
0.0,0.0,0.0,0.0,0.0,0.0,0.34,1
0.0,2.75,1.36,0.48,0.0,0.61,0.0,1
0.34,0.0,0.17,4.0,0.34,3.0,1.44,1
0.0,0.0,0.0,0.49,0.0,1.4,0.0,1
3.88,4.66,2.18,2.78,4.1,11.93,8.01,1
1.96,0.0,0.49,2.1,2.1,1.4,0.0,1
0.8,0.29,3.57,0.0,0.0,1.29,1.64,1
0.0,0.0,0.0,0.0,0.0,1.99,0.0,1
0.0,0.0,0.0,0.0,0.0,0.0,0.0,94
0.38,0.06,0.0,0.0,0.03,0.0,0.67,1
0.0,0.0,0.0,0.0,0.0,0.0,0.12,2
0.0,0.0,0.98,0.0,0.0,0.0,0.0,1
0.0,0.0,0.0,0.0,0.0,0.0,0.0,1
0.0,0.0,0.0,0.0,0.04,0.0,0.0,1
0.0,0.0,1.0,0.0,0.0,0.0,1.0,1
1.4,0.0,0.0,0.0,0.0,0.0,0.0,2
0.85,1.36,0.65,0.48,0.73,0.0,0.0,1
2.7,1.0,0.0,0.0,0.0,0.0,0.0,2
1.0,0.0,0.0,0.0,3.5,0.0,6.0,1
2.86,5.85,1.18,1.74,1.57,7.8,0.0,1
0.0,0.0,0.0,0.0,0.0,0.0,0.17,1
0.49,0.7,0.0,0.7,0.0,0.0,0.0,1
0.0,0.0,0.0,0.0,0.0,0.0,0.17,1
0.0,0.0,0.0,0.0,0.82,0.0,0.0,1
0.97,1.25,0.74,1.29,1.74,0.06,0.98,1
0.0,0.0,0.0,0.98,0.34,0.0,0.0,1
0.0,0.0,0.0,0.0,0.16,0.0,0.0,1
0.0,0.0,0.0,0.0,0.0,1.47,0.0,1
0.24,0.0,0.0,0.0,0.0,0.0,0.0,1
2.48,0.0,1.34,0.0,0.96,1.05,0.0,1
0.0,0.0,0.0,0.0,1.0,0.0,0.0,1
0.04,0.0,0.0,0.0,0.98,0.0,0.0,1
0.0,0.0,0.0,0.0,0.0,1.4,0.0,1
0.0,0.0,0.0,0.0,0.58,1.53,0.0,1
0.0,0.0,0.0,0.49,0.49,0.34,0.0,1
0.0,0.0,0.34,0.0,0.68,0.0,0.49,1
0.0,0.7,0.0,0.0,0.0,0.0,0.0,1
0.0,0.0,0.0,0.0,0.0,0.0,0.0,1
0.0,0.0,0.0,0.0,0.0,0.0,0.0,1
1.08,0.0,0.0,0.0,0.0,1.25,2.98,1
0.0,0.0,0.0,0.0,0.0,0.0,0.49,1
0.0,0.7,0.0,3.0,2.6,2.8,4.7,2
0.34,0.48,0.0,0.34,0.24,0.85,1.02,1
0.0,0.0,0.0,0.0,0.0,1.24,0.51,1
0.0,0.0,0.0,0.0,0.0,0.0,0.0,1
0.0,0.12,0.0,0.0,0.0,0.0,0.0,1
1.0,2.0,0.0,0.0,0.0,0.0,0.0,1
0.0,0.0,0.0,0.0,0.0,0.34,0.0,1
0.0,0.0,0.0,0.0,0.0,0.14,3.6,1
0.0,0.0,4.9,0.0,0.0,12.0,0.0,1
0.0,0.0,0.0,0.0,0.0,0.0,0.34,1
0.0,0.0,0.0,0.0,0.0,0.0,0.0,16
0.0,0.49,0.0,0.0,0.0,0.0,0.42,1
0.0,0.0,0.0,0.0,0.0,1.0,0.0,1
0.34,0.49,0.68,0.49,0.49,0.0,0.0,1
0.0,1.0,0.0,0.0,4.0,2.0,0.0,1
0.0,0.0,0.0,0.0,0.0,0.0,0.0,1
0.0,0.0,0.0,2.0,0.0,0.0,0.0,1
0.0,0.0,0.0,0.0,1.49,0.0,0.0,1
0.0,0.0,0.0,0.0,0.49,0.0,0.0,1
0.0,0.0,0.0,0.0,0.0,0.0,0.0,1
0.0,0.0,0.0,0.0,0.0,0.0,0.0,1
0.34,0.12,0.08,0.0,1.4,0.0,0.0,1
0.0,0.0,0.0,0.0,0.0,0.0,3.96,1
0.0,0.34,0.0,0.0,0.0,0.0,0.0,2
0.0,0.0,0.0,0.0,0.0,0.0,0.0,1
0.0,0.0,0.0,0.0,0.0,3.43,0.68,1
0.7,1.22,0.0,0.49,0.68,0.85,2.84,1
0.0,0.0,0.0,0.0,0.0,1.0,0.0,1
0.0,0.0,0.0,0.0,0.0,0.0,0.0,7
0.0,0.0,0.0,0.0,0.34,0.0,9.37,1
0.0,0.0,0.0,0.0,0.0,9.55,0.0,1
0.12,0.34,0.0,0.68,1.81,1.4,3.36,1
0.0,0.0,0.0,0.7,1.0,0.0,0.68,1
0.0,0.0,0.0,0.0,5.47,2.0,1.0,1
0.0,0.0,0.0,0.0,0.0,0.0,0.0,2
0.0,0.0,0.0,0.0,0.0,0.0,12.34,1
0.0,0.0,0.0,0.0,0.0,0.0,0.0,1
0.0,0.04,0.0,0.06,0.0,3.94,1.24,1
0.0,0.08,0.0,0.0,0.83,1.06,0.12,1
1.7,2.85,0.59,1.9,0.0,0.0,3.34,1
1.68,9.61,5.46,0.7,7.98,11.2,4.2,1
0.17,0.48,0.41,0.17,0.0,0.0,0.17,1
0.0,0.0,0.0,0.34,0.7,0.72,0.0,1
0.0,0.0,0.0,0.0,0.0,2.45,1.96,1
0.0,0.0,2.0,0.0,0.0,0.0,0.0,1
0.0,0.0,0.0,0.0,0.0,0.0,0.0,2
0.0,0.0,0.0,0.0,5.11,0.7,0.0,1
0.0,0.49,0.0,0.0,0.0,0.09,0.98,1
0.0,0.0,0.0,0.0,0.17,0.0,0.0,1
0.0,0.7,2.1,0.0,0.0,0.0,0.0,1
0.0,0.0,0.0,0.0,0.0,0.0,0.0,1
0.0,0.0,0.0,0.0,0.0,0.34,0.0,1
0.0,0.0,0.24,0.49,0.0,0.0,0.0,1
0.0,0.0,0.0,0.0,0.0,0.0,0.0,1
0.0,0.0,0.0,0.0,0.0,0.0,0.0,1
0.0,0.0,0.0,0.0,0.0,2.97,0.17,1
0.0,0.0,0.0,0.0,0.0,0.0,0.0,1
0.0,0.0,0.0,0.0,0.0,0.64,0.96,1
0.0,0.0,0.24,1.06,0.87,0.72,0.0,1
0.0,0.0,0.0,0.0,4.32,0.3,0.48,1
0.12,0.0,0.0,0.0,0.0,0.0,0.34,1
0.0,0.0,0.12,0.0,0.0,0.0,0.0,1
1.0,0.0,0.0,0.0,0.16,1.4,0.7,1
0.0,0.0,0.0,0.0,0.0,0.0,0.0,1
0.0,0.0,0.0,0.0,0.0,0.0,0.0,24
1.0,0.0,0.0,0.0,0.0,0.0,0.0,1
0.0,0.0,0.0,0.0,0.0,0.0,0.0,3
0.0,0.0,0.0,0.0,0.0,0.0,0.0,1
0.0,0.0,0.0,0.0,0.0,0.0,0.0,1
0.0,0.0,0.0,0.0,1.19,0.0,0.0,1
0.0,0.0,0.0,0.0,0.24,0.06,0.0,1
0.0,0.0,0.0,0.0,0.0,0.36,0.0,1
0.0,0.0,0.0,1.24,0.0,9.92,0.77,1
0.0,0.0,0.49,0.98,0.0,0.0,0.0,1
0.0,0.0,0.0,0.0,0.0,0.0,0.0,2
0.0,0.0,0.0,1.7,1.7,1.0,1.7,1
1.19,0.0,0.0,0.0,0.0,0.0,15.3,2
0.0,0.48,0.0,0.0,0.0,0.0,0.0,1
0.17,0.0,0.0,0.17,0.0,10.56,1.48,1
0.0,0.0,0.0,0.0,0.0,0.0,1.92,1
0.0,0.0,0.0,0.0,0.0,0.0,0.68,1
0.7,0.49,0.0,0.0,0.28,0.56,0.49,1
0.0,0.0,0.17,0.0,0.0,0.17,0.0,1
0.0,0.68,0.0,0.68,0.0,0.0,0.0,1
0.0,1.0,0.0,0.0,0.0,0.0,0.12,1
0.0,1.0,0.0,0.0,0.08,0.06,0.08,1
0.0,0.0,0.0,0.49,0.0,0.0,0.0,1
1.97,8.19,3.24,0.0,0.48,0.0,0.96,1
0.0,0.0,0.0,0.0,0.0,0.0,0.0,2
0.0,0.0,0.0,0.0,0.0,0.0,0.0,15
0.0,0.0,0.0,0.0,0.0,0.0,0.0,3
0.0,4.61,0.0,0.94,0.0,0.0,0.0,1
0.0,0.0,0.0,0.0,0.0,0.17,0.0,1
0.0,0.0,0.0,0.0,0.0,0.0,1.0,1
0.0,0.0,0.0,0.0,1.4,0.0,0.0,1
0.0,0.0,0.9,0.0,0.0,0.0,0.0,1
1.4,0.0,0.0,0.0,0.0,2.8,7.0,2
0.0,0.0,0.0,0.0,2.18,0.18,0.0,1
0.0,0.0,0.0,0.0,0.0,0.0,2.34,1
0.0,0.0,1.4,0.7,0.0,5.45,3.4,1
0.0,0.0,0.0,0.0,0.0,0.0,0.0,1
0.0,0.0,0.0,0.0,2.4,2.4,1.0,1
0.0,0.0,0.0,0.0,0.0,0.0,0.0,1
0.0,0.0,0.0,0.0,3.13,0.0,1.88,1
0.49,0.0,0.0,0.0,0.0,0.0,0.0,1
0.0,0.0,0.0,0.0,0.0,0.0,4.6,1
0.08,0.0,0.0,0.0,0.15,0.0,0.0,1
0.0,0.0,0.0,3.02,0.0,0.0,2.04,1
0.0,0.0,0.0,0.0,0.0,0.0,0.0,1
0.0,0.24,0.0,0.0,0.0,0.0,0.0,1
0.0,0.0,0.0,0.0,0.0,0.0,0.0,4
0.0,0.7,0.49,2.23,0.49,0.0,0.34,1
0.0,0.0,0.0,0.18,0.03,0.0,0.0,1
0.0,0.24,0.0,0.0,0.0,5.6,0.0,2
0.0,0.0,0.0,0.0,0.0,0.0,0.0,5
0.0,0.0,0.0,0.0,0.0,0.0,0.0,1
0.0,0.0,0.0,0.0,0.0,0.0,2.0,1
0.0,0.0,0.0,0.0,0.0,0.0,0.0,1
0.0,0.0,0.0,0.0,0.0,0.78,0.0,1
0.0,0.0,0.0,0.0,0.98,0.08,0.0,2
0.0,0.0,0.0,0.0,0.0,0.0,0.0,2
0.0,0.0,0.0,0.0,3.88,0.0,0.0,1
0.0,0.0,0.0,0.0,0.0,0.0,0.66,1
0.15,0.04,0.0,0.0,0.03,0.11,0.08,1
0.0,0.0,1.04,0.0,0.12,4.8,0.0,1
0.0,0.68,0.0,0.0,0.0,0.0,0.0,1
0.0,0.34,0.0,0.0,0.0,0.0,0.0,1
16.0,10.0,5.0,5.0,15.6,12.1,11.8,2
1.4,1.0,0.0,0.0,0.0,0.0,0.0,1
0.0,0.0,0.0,0.0,0.0,0.0,0.68,1
0.24,1.45,0.34,0.48,0.0,0.24,0.12,1
0.49,0.0,0.0,0.0,1.4,0.0,0.0,1
2.38,0.0,0.0,0.0,0.0,0.0,0.0,1
0.24,5.25,2.29,0.61,3.11,0.38,2.18,1
0.0,0.0,0.0,0.0,0.0,0.0,1.4,1
0.0,0.0,0.0,1.0,0.0,0.0,0.0,1
1.36,0.0,0.0,0.0,0.0,0.0,0.0,1
1.0,0.0,0.0,0.0,0.0,0.0,1.0,1
0.9,0.98,0.55,0.34,0.6,1.26,0.0,1
0.08,0.0,0.0,0.94,0.7,0.08,0.0,1
0.0,0.28,0.0,0.0,0.0,0.0,0.0,1
0.0,0.0,0.0,0.48,0.24,0.0,0.0,1
0.0,0.0,0.0,0.0,3.86,0.6,0.0,1
0.0,0.0,1.0,0.0,0.0,1.0,0.0,1
0.0,0.0,0.0,1.46,0.0,0.0,0.0,1
0.0,0.0,0.0,0.0,0.0,0.0,0.0,1
0.17,0.0,0.0,0.0,0.0,0.48,0.0,1
0.0,0.0,0.0,0.44,0.0,0.0,0.0,1
0.0,0.0,0.0,0.0,2.1,0.0,0.0,1
0.0,0.0,0.0,0.0,1.34,0.0,0.0,1
1.36,0.0,0.0,0.0,2.68,0.0,0.0,1
0.0,0.0,0.0,0.0,0.0,0.0,0.0,1
3.0,0.0,1.0,0.0,0.0,1.51,0.0,2
0.0,0.0,0.0,0.0,0.0,0.0,0.0,1
0.0,0.2,5.99,8.32,5.18,5.88,0.84,1
0.12,1.0,3.4,0.34,0.0,0.24,0.24,1
0.0,0.0,0.0,0.0,0.0,0.0,4.0,1
0.0,0.0,0.0,0.0,0.0,0.0,0.0,2
0.0,0.0,0.0,0.0,0.0,0.0,0.18,1
0.0,0.0,0.0,0.0,0.0,0.0,0.0,1
0.0,0.24,0.0,0.0,0.0,0.0,1.02,1
0.0,0.24,0.0,0.0,0.0,0.0,0.0,1
0.0,0.0,0.0,0.0,0.0,0.0,0.49,1
2.08,1.49,0.46,1.5,6.01,1.9,16.93,1
0.0,0.0,0.0,0.0,0.56,0.81,0.65,1
0.0,0.0,0.0,0.0,0.0,0.7,1.0,1
0.0,0.0,0.34,0.49,0.0,0.0,4.0,1
0.0,0.49,0.0,0.0,0.0,0.96,0.0,1
0.0,0.52,0.0,0.0,0.0,0.0,0.21,1
0.0,1.53,0.0,0.51,0.0,0.66,0.0,1
8.01,3.98,3.36,2.04,1.39,4.8,5.39,1
0.0,0.0,0.0,0.0,0.0,0.0,3.06,1
0.54,0.0,0.0,0.0,0.0,0.0,0.0,1
0.34,0.24,0.0,0.55,1.09,0.98,1.47,1
0.0,1.0,0.0,0.0,0.0,0.0,0.0,2
0.0,0.0,0.0,0.0,0.0,0.0,0.0,1
0.0,0.0,0.0,0.0,0.0,0.0,0.0,10
0.0,0.0,0.0,0.0,0.0,0.17,0.0,2
0.0,3.21,10.32,1.46,1.3,0.0,2.14,1
0.17,0.58,0.0,0.0,0.0,1.02,1.02,1
0.0,0.49,0.0,0.0,0.0,0.0,0.0,1
0.7,0.0,0.0,0.0,0.0,0.0,1.4,1
0.0,0.0,0.0,0.0,0.0,0.0,0.0,1
0.0,0.0,0.0,0.0,0.0,0.0,0.0,1
0.0,0.0,0.0,0.0,0.0,0.34,0.72,2
0.0,0.0,1.25,0.0,0.0,0.0,0.0,1
0.0,0.0,0.0,0.0,0.0,0.0,0.0,1
0.7,7.76,7.71,5.27,0.0,6.2,2.91,1
0.0,0.0,0.0,0.0,0.0,0.32,0.0,1
0.0,0.0,0.0,0.0,0.0,0.0,0.0,1
0.0,5.36,6.22,1.57,1.23,1.17,0.0,1
0.0,0.0,0.0,1.0,0.0,0.17,0.0,1
0.0,0.0,0.0,0.0,0.0,0.0,0.0,1
0.0,0.36,0.24,0.36,1.26,0.0,0.0,1
0.0,0.0,0.06,0.0,0.0,0.34,0.06,1
1.98,0.0,0.0,0.0,0.0,0.0,0.0,1
0.98,0.0,0.0,0.0,1.04,4.47,5.21,1
0.08,0.0,0.0,0.0,0.0,0.0,0.0,1
0.0,1.76,0.0,0.58,0.0,0.0,0.0,1
0.0,0.0,0.0,0.0,0.0,0.0,0.0,3
0.0,0.0,0.0,0.0,0.0,1.0,0.0,1
6.74,7.45,0.95,4.92,7.64,4.2,2.72,2
0.0,0.0,0.0,0.0,0.0,0.0,0.0,2
1.0,0.0,1.12,0.57,0.49,1.29,1.57,2
0.0,0.0,0.0,1.0,0.0,0.0,0.0,1
0.0,0.0,0.68,0.0,0.0,0.0,0.0,1
0.0,1.82,0.0,0.0,1.0,0.17,0.0,1
0.0,0.7,0.0,5.0,0.0,0.0,4.0,1
1.26,0.34,0.0,0.58,0.0,1.02,0.98,1
0.0,0.0,0.0,0.0,0.12,0.12,0.0,1
0.0,0.0,0.7,0.0,0.0,0.0,0.0,1
0.0,0.0,0.0,0.0,0.0,0.0,0.0,1
8.22,0.0,0.0,0.0,1.47,2.66,0.0,1
1.17,2.8,0.0,0.17,0.24,4.75,2.23,1
0.0,0.0,0.0,0.0,0.0,0.08,1.4,1
0.0,0.0,0.0,0.0,0.0,0.0,0.0,1
0.72,0.0,1.47,0.0,0.0,0.0,0.34,1
0.24,0.0,0.0,0.0,0.0,0.0,1.02,1
0.0,0.0,0.06,0.0,0.08,0.0,0.06,1
2.0,0.0,0.0,0.0,0.0,4.0,0.0,1
0.0,0.0,0.49,0.0,0.0,0.0,0.0,1
0.0,0.0,0.0,0.0,0.0,0.16,0.0,1
1.0,0.7,3.57,0.0,1.0,6.8,0.0,1
2.88,6.37,2.27,2.0,5.92,1.88,0.0,1
0.0,0.0,0.0,0.0,0.0,0.0,0.49,1
0.0,0.0,0.04,0.0,0.0,0.0,0.0,1
0.0,0.24,0.0,0.0,0.0,0.0,0.0,1
0.0,0.0,0.0,0.0,0.0,0.0,0.0,1
0.0,1.0,1.0,0.0,0.0,0.0,0.7,1
0.0,0.0,0.0,0.0,0.0,1.0,0.0,1
0.0,0.0,2.12,0.0,0.0,0.0,1.12,1
0.0,2.34,0.0,0.0,0.17,0.17,0.0,1
1.47,0.0,0.0,0.0,0.0,0.0,0.0,1
0.0,0.0,0.0,0.0,1.02,0.34,0.0,1
0.0,0.12,0.0,0.0,0.0,0.12,0.0,1
0.0,0.0,2.23,0.0,0.0,0.0,1.19,1
0.0,0.0,0.0,0.0,0.0,0.0,0.68,1
0.17,0.0,1.36,0.0,0.0,0.0,0.0,1
0.0,0.0,0.11,0.0,0.0,0.0,0.12,1
0.0,0.0,0.0,0.0,0.0,0.49,0.0,1
0.0,0.0,0.0,0.0,0.0,0.0,1.0,1
0.0,0.0,0.0,0.08,2.63,0.0,0.06,1
0.0,0.0,0.0,0.0,0.0,0.0,0.0,1
0.0,0.0,0.0,0.0,4.0,2.0,4.0,2
0.0,0.0,0.0,0.0,0.0,0.34,0.0,1
0.0,0.0,0.0,0.0,0.0,0.0,0.0,2
0.0,1.19,0.0,0.0,0.0,0.0,0.0,3
0.0,0.0,0.0,0.0,0.0,0.0,0.0,2
0.0,1.24,0.0,0.0,0.0,0.0,0.0,1
0.0,0.0,0.0,0.0,2.94,2.8,0.16,2
0.0,0.0,0.7,0.0,1.47,1.0,0.0,1
0.0,0.68,0.0,0.0,1.55,8.37,0.0,1
1.0,1.0,1.49,2.0,3.1,3.8,1.0,1
0.0,0.0,0.0,0.0,0.06,1.7,0.0,1
2.56,0.0,0.0,0.0,0.0,0.0,0.0,1
0.0,0.0,0.0,1.4,0.0,1.0,3.0,1
0.0,14.34,0.0,7.0,4.19,6.57,13.23,3
0.49,0.0,0.0,0.0,0.0,0.0,0.0,1
0.17,0.17,0.12,0.0,0.0,0.86,0.24,1
0.0,1.4,0.0,0.0,0.0,0.0,0.0,1
0.0,0.0,0.0,0.0,0.0,0.94,0.0,1
0.0,0.0,0.0,0.0,0.0,0.0,0.98,1
0.48,0.0,0.0,0.0,0.36,0.0,0.96,1
0.0,0.0,0.0,0.0,0.0,0.49,0.0,1
0.0,0.0,0.0,0.0,0.0,0.58,0.0,1
0.0,0.0,0.0,0.0,0.0,0.0,0.0,37
0.0,1.19,0.0,0.0,0.0,0.0,0.0,1
0.0,0.0,0.0,0.0,0.0,0.0,0.0,11
0.0,0.0,0.0,0.0,0.0,0.0,0.0,3
2.4,6.76,1.12,3.2,6.07,0.73,0.49,2
0.0,5.6,2.1,0.0,0.0,0.0,0.0,2
0.0,0.04,0.0,0.0,0.0,0.0,0.0,2
0.0,0.0,0.0,0.0,0.0,0.0,0.0,4
0.0,0.0,0.0,0.0,0.0,0.0,0.83,1
0.0,0.0,0.0,0.0,0.0,0.0,0.0,4
1.0,0.0,0.0,0.0,0.0,0.0,0.0,1
0.0,1.36,2.15,10.41,11.26,5.89,0.0,2
0.0,0.0,0.0,0.0,0.0,0.7,4.0,1
6.05,7.82,8.92,10.82,6.77,29.04,14.44,1
0.0,0.0,0.0,0.08,0.08,0.34,0.98,1
0.0,0.0,0.0,0.0,0.0,0.0,0.0,1
0.0,0.0,0.0,0.0,0.0,0.0,0.0,1
0.0,0.0,0.0,0.0,0.0,0.0,0.0,2
0.0,0.0,5.7,0.0,0.0,2.7,0.0,1
0.0,1.0,1.17,0.0,0.0,0.0,0.0,1
0.0,0.0,0.0,0.0,0.0,0.0,4.0,1
0.0,0.0,0.0,0.0,0.0,0.68,0.0,2
0.0,0.0,0.0,0.0,0.55,0.34,0.03,2
0.0,0.0,0.0,0.0,0.0,0.17,0.0,1
0.12,0.3,0.0,0.0,0.0,0.0,0.06,1
0.24,0.0,0.0,0.0,0.12,0.0,1.32,1
1.96,2.1,0.0,0.0,0.0,0.0,0.0,1
0.0,0.0,0.0,0.0,0.51,0.0,0.0,1
1.0,0.0,0.0,0.0,0.0,0.0,0.0,1
0.0,0.0,2.75,0.0,1.14,1.1,0.0,1
0.0,0.0,0.0,1.0,0.0,0.0,0.0,1
5.78,16.28,5.89,6.22,25.92,1.68,3.36,1
0.0,0.0,0.0,0.0,0.0,0.0,0.0,1
0.0,0.0,0.0,0.0,0.0,0.0,0.0,1
0.0,0.0,0.0,0.0,0.0,0.0,0.0,1
0.0,0.0,0.0,0.0,2.0,1.4,0.0,2
0.49,0.0,0.0,0.0,0.0,0.0,0.0,1
0.0,10.09,0.0,4.08,0.0,0.0,0.0,1
0.0,0.0,0.0,0.0,0.0,0.0,0.0,1
0.12,0.12,0.0,0.0,0.0,0.0,0.0,1
0.0,0.7,0.0,0.49,0.49,1.24,0.0,1
0.0,0.0,0.12,0.0,0.0,0.0,0.0,1
0.0,0.0,0.0,0.0,0.0,0.0,0.17,1
1.4,0.0,0.0,5.47,0.7,0.0,0.0,1
2.88,0.0,0.0,0.0,1.6,0.0,0.0,2
1.02,0.49,0.0,1.47,0.0,0.49,2.2,1
0.0,0.0,0.0,0.0,0.0,1.0,0.0,1
0.0,0.0,0.0,0.0,0.0,0.0,0.0,1
0.24,0.0,0.24,2.0,0.0,0.0,0.0,1
0.34,0.34,0.0,0.0,0.0,0.0,0.0,1
0.0,2.1,0.0,0.0,0.0,0.0,0.0,1
0.0,0.0,0.0,0.0,0.0,3.18,3.34,1
0.0,0.0,0.0,0.0,0.0,1.0,0.0,2
0.0,0.0,0.0,0.0,0.0,0.0,0.0,18
1.82,0.42,5.64,2.31,1.34,0.34,4.92,2
0.0,0.0,0.34,0.0,0.0,0.0,0.0,1
0.0,0.0,0.0,0.0,0.0,0.0,0.0,8
0.17,0.17,0.0,1.4,1.0,0.0,0.0,1
0.0,0.0,0.0,0.0,3.48,0.0,0.0,1
0.0,0.0,0.0,0.0,1.83,2.56,2.98,1
0.2,0.73,0.72,1.0,1.56,0.36,0.0,1
0.0,0.0,1.0,0.49,0.0,0.0,0.0,1
0.0,0.0,0.0,0.0,0.0,2.83,1.48,2
0.98,2.38,1.4,1.89,1.68,0.0,1.4,1
0.0,0.0,0.0,0.0,1.76,0.0,0.0,2
0.0,0.0,0.0,0.0,0.0,0.12,0.34,1
0.0,0.0,0.0,0.0,0.0,0.0,0.0,3
0.0,0.0,0.0,0.0,0.0,0.0,0.98,2
0.0,1.0,0.0,7.7,0.0,0.0,0.0,1
0.0,0.0,0.0,0.12,0.0,0.0,0.0,2
1.0,0.0,2.27,0.68,0.12,2.34,0.72,1
0.0,0.0,0.0,0.0,0.0,0.0,0.0,1
0.0,0.0,0.0,0.0,0.0,0.92,0.0,1
0.0,0.0,0.0,0.0,0.0,0.0,0.0,435
0.0,5.7,0.7,0.0,0.0,0.0,1.0,1
0.0,0.0,0.0,0.0,0.0,0.0,0.0,1
0.0,0.0,0.0,0.0,0.49,0.0,0.0,3
0.0,0.0,0.0,0.0,0.0,2.21,0.0,1
0.0,0.0,0.0,0.0,0.0,2.08,0.0,1
0.0,0.0,0.0,0.0,0.08,0.0,0.0,1
0.0,0.0,0.0,0.0,0.0,0.0,0.0,4
0.0,0.0,0.0,0.0,0.0,0.0,0.0,1
0.0,0.0,0.24,0.0,0.68,0.0,0.0,1
0.0,0.0,0.0,0.0,0.0,0.0,0.0,2
0.0,0.0,0.0,0.0,0.0,2.49,0.0,1
0.0,0.0,0.0,0.0,0.0,0.0,0.0,4
0.0,0.0,0.0,0.0,0.0,0.0,0.0,1
0.0,0.0,0.0,0.0,0.0,0.0,0.0,2
0.0,0.0,0.0,0.0,0.0,0.0,1.0,1
0.0,0.0,0.0,0.0,0.0,1.0,0.0,1
0.0,0.0,0.0,0.0,0.34,0.0,0.0,2
1.4,0.0,0.0,0.0,0.0,0.0,0.98,1
0.0,0.0,0.0,0.0,0.0,0.0,0.83,1
0.0,0.0,0.06,0.0,0.03,0.0,0.0,1
0.34,1.1,0.8,0.68,0.03,0.12,0.0,1
0.0,0.0,0.0,0.0,0.0,0.49,0.0,1
0.0,0.0,0.0,0.0,0.0,0.0,0.0,1
0.98,0.0,0.0,0.0,0.0,0.0,0.0,1
0.0,0.0,0.0,0.16,0.0,0.0,0.0,1
0.0,0.0,0.0,0.0,0.16,0.08,0.24,1
0.24,1.4,1.1,4.2,0.28,0.0,0.12,1
0.49,0.0,0.0,0.0,0.68,0.0,0.0,1
0.0,0.0,0.0,0.0,0.0,0.0,0.0,1
0.0,0.0,0.0,0.0,0.0,0.0,0.0,1
2.77,0.0,0.0,0.0,0.0,18.02,3.65,1
3.4,0.0,0.0,1.19,0.0,0.0,0.0,1
0.49,0.0,0.0,0.0,0.0,0.0,0.0,1
0.0,0.0,1.0,0.0,0.0,0.0,0.0,1
0.0,0.0,0.85,0.0,0.0,0.0,0.0,2
0.0,0.0,0.16,0.0,0.0,0.0,0.0,2
0.0,4.51,0.0,1.19,0.49,2.38,2.1,1
0.0,0.24,0.0,0.0,0.17,0.0,0.0,1
0.0,0.0,0.0,0.0,0.0,0.0,0.0,1
0.0,0.0,0.0,0.0,0.0,0.0,0.0,1
0.0,0.08,0.0,0.0,0.0,0.0,0.0,1
0.0,0.0,0.0,0.0,0.0,0.0,1.4,1
0.0,0.0,0.0,0.0,0.0,0.7,0.87,1
0.34,0.0,0.0,0.34,0.17,0.0,0.49,1
3.1,3.54,1.04,1.75,0.94,2.98,5.06,1
0.0,0.0,0.0,0.0,0.0,0.0,0.0,1
0.0,0.0,0.0,0.0,0.0,0.0,0.48,1
0.0,4.0,0.0,0.0,0.0,0.34,0.0,1
0.0,0.0,0.0,0.0,0.0,0.0,0.0,3
0.0,0.28,0.0,0.06,0.24,0.0,0.04,3
2.62,0.0,0.0,0.0,0.0,0.0,0.72,1
3.88,0.0,0.0,0.0,0.0,0.0,0.0,1
0.0,0.0,0.0,0.0,0.0,0.0,0.0,3
0.0,0.0,0.0,0.0,0.24,0.0,0.24,1
0.0,0.0,0.0,0.7,1.96,0.08,1.31,1
0.0,0.0,0.08,0.08,0.0,0.0,0.7,1
2.12,1.12,0.0,0.0,0.98,0.0,0.0,1
0.0,0.0,0.0,0.0,0.0,0.08,0.51,1
0.0,0.0,0.0,0.0,0.0,0.0,0.0,1
0.0,0.0,0.0,0.0,0.0,0.0,0.0,41
0.34,1.52,0.0,0.0,0.0,0.98,0.49,1
0.0,0.49,0.98,0.0,0.0,0.0,1.96,1
2.0,0.0,0.0,0.0,0.0,0.0,0.0,1
0.0,0.0,0.0,0.0,0.0,0.42,0.0,1
0.0,0.0,0.0,0.0,0.0,0.0,0.0,1
0.0,0.0,0.0,0.0,0.0,0.24,0.0,1
0.0,0.0,0.0,0.0,1.4,0.0,0.0,1
0.0,0.0,0.0,0.0,0.0,0.0,0.06,1
0.0,0.0,0.7,4.4,4.1,0.0,0.0,1
0.0,0.49,0.0,0.0,0.0,0.0,0.0,1
0.0,2.76,0.0,0.0,0.0,11.19,2.74,1
0.0,0.0,0.0,0.0,0.0,0.0,0.0,1
0.34,0.0,0.0,0.0,0.0,0.0,0.34,1
0.98,0.0,0.0,0.0,0.24,0.0,0.0,1
0.0,0.0,0.0,0.0,0.0,0.0,0.0,1
0.08,0.0,1.87,0.0,0.06,0.12,0.0,1
0.0,0.0,0.34,0.0,0.0,0.0,0.0,1
0.0,9.68,2.29,0.4,0.0,0.0,0.0,1
1.02,0.55,1.76,1.36,2.45,0.08,0.16,1
0.0,0.36,2.46,1.93,0.82,1.34,0.6,1
0.0,0.0,0.74,0.0,0.0,0.0,0.0,1
2.0,0.0,0.0,0.24,0.48,0.48,0.0,1
0.0,0.0,0.0,0.0,0.0,3.0,0.0,1
0.0,0.0,1.0,0.0,0.0,0.0,0.0,1
0.0,0.0,1.0,0.0,0.0,0.0,0.0,2
0.55,1.02,0.68,0.08,0.0,0.0,0.68,1
0.0,0.0,0.0,0.0,0.7,0.0,0.34,1
5.16,0.0,0.0,0.0,0.0,0.0,2.19,1
0.0,0.0,0.0,0.0,0.0,0.0,2.08,1
0.0,0.0,0.0,0.0,0.0,0.0,0.0,2
0.0,0.0,0.0,0.0,0.0,1.86,0.49,1
0.0,1.19,0.0,0.0,0.0,3.7,1.7,2
0.16,0.0,0.0,0.0,0.18,2.1,0.2,1
0.0,0.0,0.0,0.0,0.0,0.0,0.12,1
0.34,0.0,0.0,0.0,0.0,0.0,0.0,1
0.0,0.0,0.0,0.0,0.0,0.0,0.24,1
0.2,0.0,1.4,0.28,0.06,0.0,0.22,1
2.37,0.0,0.0,0.34,1.24,0.0,5.04,1
2.8,0.49,0.0,0.0,0.0,0.98,3.96,1
0.0,0.0,0.0,0.0,0.0,0.17,0.0,1
0.0,0.0,0.0,0.0,0.7,0.0,0.0,1
0.0,0.0,0.0,0.0,0.0,0.0,0.0,1
0.0,0.04,0.0,0.0,0.0,0.08,0.0,1
0.0,0.0,0.34,0.6,0.53,0.24,18.38,1
2.8,0.7,1.19,0.0,0.0,0.0,0.0,1
0.0,0.0,0.0,0.0,0.0,1.4,0.0,1
0.0,0.0,0.2,0.0,0.0,0.08,5.29,1
0.0,0.0,0.0,0.34,0.0,0.0,0.0,1
0.0,0.58,0.24,0.24,0.68,0.0,0.0,1
0.0,0.0,0.0,0.0,0.7,1.0,1.4,1
1.17,0.83,0.0,0.0,0.0,0.0,0.0,1
0.24,0.0,0.0,0.17,0.51,0.0,0.68,1
0.7,0.0,0.0,0.0,1.0,0.0,0.0,1
2.0,2.0,2.0,1.0,5.0,0.0,0.0,1
1.47,2.69,5.28,2.38,1.96,3.28,3.1,1
0.0,0.0,0.0,0.0,0.0,0.0,0.0,1
0.58,1.49,0.0,0.0,0.0,0.0,0.87,1
0.0,0.0,0.0,0.0,0.0,0.12,0.0,1
0.0,0.0,0.0,0.0,0.0,0.0,0.51,1
0.0,0.0,2.48,0.82,2.48,0.0,0.0,1
0.0,0.51,0.51,0.0,0.0,0.0,0.0,1
0.0,0.0,1.0,0.0,0.0,0.0,0.0,1
0.0,0.0,0.0,0.0,0.06,0.0,0.06,1
0.0,0.0,0.0,0.0,0.0,0.0,0.0,109
0.0,0.0,0.0,0.0,0.0,0.0,0.0,5
0.0,0.0,0.0,0.0,0.0,0.0,3.12,2
0.17,2.12,0.0,0.24,3.2,4.74,0.0,1
0.0,0.0,0.0,0.0,0.0,0.92,0.24,1
0.0,0.0,0.0,0.0,0.0,0.0,0.48,1
0.0,0.0,0.0,0.0,0.7,0.0,0.0,1
0.0,0.0,0.0,0.0,0.0,0.12,2.38,1
4.75,1.47,2.28,1.8,2.35,1.38,4.75,1
0.0,0.0,0.0,0.0,0.0,0.18,0.0,1
0.0,0.0,0.0,0.0,4.27,9.77,0.36,1
0.0,2.34,0.0,0.0,0.0,2.61,3.18,1
0.0,0.0,0.0,0.7,0.7,5.0,0.0,1
0.0,0.0,0.0,0.0,0.0,0.0,0.0,4
0.0,0.0,0.0,0.0,0.0,0.48,0.0,1
0.0,0.0,0.0,0.0,0.0,0.12,0.0,2
0.0,0.0,0.0,2.0,0.0,0.7,0.0,1
0.0,0.0,0.0,0.0,0.0,0.0,0.0,1
0.7,0.0,1.65,0.16,0.0,0.17,0.0,1
0.0,1.7,0.0,2.72,0.0,3.59,4.59,1
0.0,0.0,0.0,0.0,0.0,1.44,0.0,1
4.39,0.0,0.12,0.0,0.98,2.4,0.0,1
0.0,0.0,0.0,0.0,0.0,1.2,0.0,1
0.98,1.19,1.04,1.32,1.66,4.85,1.96,1
0.0,0.0,0.0,0.0,0.0,0.0,0.0,1
0.49,1.86,0.76,0.0,0.49,6.65,0.86,1
0.98,0.0,0.0,0.0,0.0,2.49,0.0,1
0.0,0.0,0.0,0.0,0.0,0.0,0.03,1
1.22,1.24,0.0,2.09,0.0,1.29,1.48,1
0.0,0.0,0.0,0.0,0.0,1.36,0.0,2
1.81,0.72,0.0,0.0,0.48,0.0,0.92,1
0.24,0.24,0.17,0.0,0.0,0.58,0.0,1
15.22,0.0,0.0,0.0,2.49,4.0,7.6,1
0.0,2.0,0.0,0.0,0.0,0.0,0.0,1
0.0,0.7,0.0,0.0,0.0,0.0,0.0,1
0.0,0.0,0.0,0.0,0.0,0.12,0.0,1
1.37,0.0,0.0,2.8,2.12,0.12,3.32,1
0.0,5.12,0.0,0.0,0.0,0.0,0.0,1
0.0,0.0,0.0,0.0,0.0,0.0,0.0,1
0.0,0.0,0.0,0.0,0.08,0.16,0.0,1
0.0,0.49,1.66,0.49,2.09,4.09,0.24,1
0.0,0.0,0.0,0.0,0.0,0.98,5.0,1
0.0,0.08,0.0,0.0,0.0,0.0,0.0,1
0.0,0.0,0.0,0.0,4.41,0.0,0.98,1
0.0,0.98,0.08,0.98,0.0,0.0,2.26,1
0.0,0.0,0.0,0.0,0.0,0.0,0.0,1
0.0,0.0,0.0,0.0,0.0,0.34,0.0,1
0.0,0.24,0.0,0.24,0.0,14.0,14.0,1
1.47,1.19,0.0,0.98,0.98,0.0,0.49,1
0.0,0.0,0.0,0.0,0.0,0.25,0.0,1
0.0,0.0,0.0,0.0,0.0,0.0,0.0,9
0.0,0.0,0.0,0.0,0.0,0.0,0.0,1
0.0,0.0,0.0,0.0,0.0,0.0,0.32,2
0.0,0.0,0.0,0.0,0.0,0.17,0.68,1
1.28,0.34,0.24,0.24,0.24,0.29,1.69,1
2.38,8.89,2.59,12.53,16.48,1.4,1.7,1
0.0,0.0,0.0,0.0,0.0,0.98,0.68,1
0.0,0.0,0.0,0.49,0.24,1.68,0.0,1
0.0,0.0,0.0,0.98,0.0,0.0,0.0,1
0.0,0.0,4.29,0.0,0.0,1.04,6.14,1
0.0,0.34,0.06,0.0,0.0,0.12,0.0,1
0.0,0.0,1.4,0.0,0.18,0.6,0.33,1
0.0,0.0,0.0,0.0,0.0,0.0,0.68,1
0.94,0.49,1.34,1.34,2.42,0.0,2.41,1
0.0,0.0,0.0,0.0,0.0,0.0,0.0,1
0.0,3.0,0.0,0.0,0.0,0.0,0.0,1
1.2,0.48,0.0,0.24,0.0,0.0,0.0,1
0.0,3.0,0.0,0.24,0.34,0.0,0.0,1
0.0,1.66,0.0,0.0,0.14,0.0,0.0,1
0.0,0.0,0.0,0.0,0.06,0.0,0.0,1
0.0,0.0,0.0,0.0,0.0,0.0,0.0,1
0.0,0.0,0.0,0.0,0.0,0.0,0.55,1
0.0,1.0,2.82,2.47,4.35,9.16,3.04,1
0.0,0.0,0.0,0.24,2.25,0.12,0.0,1
0.0,0.0,0.0,0.0,1.44,1.68,0.0,1
0.0,0.0,0.0,0.49,0.0,0.0,0.0,1
0.0,0.0,0.0,0.0,0.0,0.0,0.68,1
1.83,0.0,0.0,0.0,0.0,0.0,0.0,1
0.0,0.0,0.0,0.0,0.24,0.0,0.0,1
0.0,0.0,0.7,0.0,0.0,0.0,0.0,2
0.0,0.24,0.0,0.0,0.0,0.0,0.0,1
0.0,0.0,0.0,0.0,0.0,0.0,0.24,1
0.0,0.0,0.0,0.0,0.0,0.0,0.0,2
0.0,0.0,0.0,0.0,0.0,0.0,0.0,92
0.0,0.0,0.0,0.0,0.0,0.0,0.0,18
1.36,2.57,0.0,0.0,1.74,1.41,1.16,1
0.0,0.0,0.0,0.16,0.24,0.41,0.08,1
0.0,0.0,0.0,0.0,0.0,0.0,0.0,1
0.0,0.0,0.0,0.0,0.0,0.0,0.17,1
0.24,0.0,0.72,0.24,0.0,0.34,0.24,1
0.55,0.55,0.0,2.28,2.65,0.98,0.0,1
0.17,0.24,0.0,0.0,0.0,0.8,0.51,1
0.0,0.94,0.0,1.88,0.0,0.0,0.0,1
0.0,0.0,0.0,0.0,0.0,5.36,5.62,1
0.0,0.7,0.7,4.7,0.0,2.0,3.0,1
0.0,0.0,0.0,0.0,0.0,3.0,0.0,1
0.0,0.0,0.0,0.0,0.0,0.0,0.0,1
0.0,0.0,0.0,0.0,0.0,0.7,0.7,1
0.0,0.0,0.0,0.0,0.0,0.0,1.0,4
0.82,0.0,3.03,0.0,1.39,6.79,4.92,1
0.0,0.0,0.0,0.0,0.0,0.0,0.7,1
0.0,0.0,0.0,0.0,0.0,0.0,4.0,1
0.0,0.0,0.0,0.0,0.0,0.0,0.0,1
0.0,0.0,1.17,0.0,1.53,0.0,0.0,1
0.0,0.0,0.0,0.0,0.0,0.0,0.0,1
0.08,0.0,0.0,0.0,0.0,0.04,0.68,1
4.41,0.0,0.0,0.14,0.11,2.64,0.44,1
0.0,0.0,0.0,0.0,0.08,0.0,0.0,1
3.59,0.0,0.0,0.0,0.0,0.0,0.0,1
1.06,0.0,0.0,0.0,0.49,0.0,3.0,1
0.0,0.0,0.0,0.0,0.0,0.0,1.22,1
0.0,1.61,1.4,1.1,0.82,1.79,0.87,1
0.0,0.0,4.0,2.0,3.43,1.49,0.0,2
0.0,0.7,0.0,0.0,0.0,0.0,0.0,1
0.51,0.0,0.0,0.0,0.0,0.0,0.98,1
0.0,0.0,0.49,0.0,0.0,0.49,0.0,2
0.0,0.72,0.85,1.16,0.0,0.0,0.17,1
0.0,0.49,3.0,3.0,0.0,2.8,3.0,1
0.7,0.0,1.4,0.0,0.53,1.59,4.2,1
0.98,6.31,0.0,0.34,0.0,2.1,8.47,1
0.48,0.0,0.0,0.24,0.0,0.0,0.0,1
0.0,0.0,0.0,0.0,0.0,0.0,3.0,1
0.0,0.0,0.08,0.68,0.0,0.08,0.0,1
0.24,0.24,0.0,0.0,2.15,0.0,0.0,1
0.0,2.0,2.0,3.0,0.0,0.0,0.0,1
0.0,0.0,0.0,0.0,0.0,0.0,0.0,1
5.19,2.74,2.28,0.48,2.62,2.53,1.22,1
1.85,0.0,0.34,0.0,0.0,1.96,1.96,1
10.0,0.0,0.0,0.0,2.36,0.24,0.0,1
0.0,0.0,0.0,0.0,0.0,2.1,2.8,1
0.0,0.0,0.24,0.0,0.0,0.85,0.0,1
0.0,0.24,0.0,0.0,0.0,0.0,0.0,1
0.42,2.38,4.13,1.88,8.34,3.29,0.0,1
0.0,0.0,0.0,0.0,0.0,0.48,0.0,1
0.0,0.0,0.0,0.0,0.0,1.0,0.0,1
1.0,0.0,1.29,1.7,0.0,1.29,0.0,1
0.0,0.0,0.0,0.0,0.0,0.0,0.24,2
0.0,0.0,0.0,0.0,0.0,0.0,0.0,9
0.45,0.0,0.0,0.0,0.0,0.98,0.21,1
0.0,0.55,0.0,0.0,0.0,0.0,0.0,1
0.06,0.0,0.0,0.04,0.0,0.04,0.6,1
0.0,0.0,0.94,0.0,0.0,3.29,1.47,1
0.0,0.0,0.0,0.0,0.02,0.0,0.0,1
0.0,0.0,0.0,1.0,2.0,3.0,0.0,1
2.9,0.7,7.51,0.41,0.82,2.78,3.24,1
0.7,2.38,5.0,2.0,1.68,0.0,0.49,2
0.24,0.24,0.0,0.0,0.24,0.0,0.0,1
0.0,0.0,0.0,0.0,0.0,0.0,0.0,1
0.0,0.0,0.0,0.0,0.0,0.72,0.0,1
5.25,5.25,4.06,3.51,3.17,2.45,4.69,1
0.0,0.0,0.0,0.0,0.6,0.7,0.72,1
0.0,0.0,0.66,0.0,0.0,0.0,0.0,1
0.0,0.0,0.0,0.0,0.0,0.0,0.0,1
0.0,0.0,0.0,0.0,0.82,0.0,0.0,1
0.7,0.0,0.0,0.0,0.34,0.0,0.0,1
0.0,0.0,0.0,0.49,0.0,0.0,0.24,1
0.0,0.0,0.0,0.0,0.0,0.08,0.0,1
0.14,0.0,0.0,0.0,0.08,1.64,0.39,1
0.0,0.0,0.0,0.0,0.0,0.0,0.0,5
0.0,0.0,0.0,0.0,0.0,0.0,0.0,2
0.98,2.74,1.57,0.41,0.0,4.92,1.4,1
0.0,0.0,0.0,0.0,0.0,0.0,0.0,1
0.0,0.0,0.0,0.0,0.0,0.24,0.24,2
0.0,0.0,0.0,0.12,0.0,0.0,0.0,1
0.0,0.0,0.0,0.7,0.16,0.0,0.08,1
0.0,0.0,0.0,0.0,0.0,0.08,0.0,2
0.0,0.0,0.0,0.0,0.0,0.12,0.0,1
0.0,0.0,0.0,0.0,2.8,0.0,0.0,1
1.0,2.0,0.0,1.0,0.0,0.0,0.24,1
0.0,0.0,0.0,0.0,0.0,0.0,1.0,1
0.0,0.0,0.0,0.0,0.0,2.0,0.0,2
0.0,0.0,0.0,0.0,0.0,0.0,1.0,1
0.0,0.0,0.0,0.0,0.82,3.51,1.55,1
0.44,0.0,0.0,0.0,0.0,3.58,2.34,1
0.0,0.0,0.0,2.0,0.0,0.0,3.0,1
0.94,2.04,1.17,0.56,9.49,3.6,2.77,1
0.24,0.0,1.4,0.0,0.0,0.0,0.34,1
8.9,0.84,1.08,1.52,1.59,0.36,6.24,2
0.0,0.0,0.0,0.0,1.0,0.0,0.0,1
0.0,0.0,0.0,0.0,0.0,0.0,0.0,1
0.0,0.0,0.0,2.72,0.0,0.24,0.0,1
0.34,0.8,0.04,0.34,0.0,4.04,0.04,1
0.28,0.0,0.49,0.0,0.24,0.0,0.08,1
1.54,2.01,1.32,1.46,1.87,6.53,4.41,1
0.0,0.0,0.0,0.0,0.0,2.0,0.0,1
0.0,0.0,0.0,0.0,0.06,0.0,0.0,1
0.17,0.0,2.02,0.0,0.12,0.08,0.41,1
0.0,0.0,0.0,2.0,0.0,0.0,0.0,1
0.0,0.0,0.0,0.0,0.0,1.49,0.0,1
0.0,0.49,0.0,0.0,0.0,0.0,0.7,1
0.0,0.0,0.0,0.7,0.0,0.0,0.0,1
0.0,0.0,0.0,0.0,0.0,1.49,0.0,1
1.0,1.0,2.0,0.0,0.0,2.4,0.0,1
0.0,0.0,0.0,0.0,0.0,10.43,9.67,1
0.0,0.0,0.0,0.7,0.0,0.0,0.0,1
0.0,0.0,0.0,0.0,0.0,0.0,0.0,1
0.0,0.0,0.0,0.0,0.0,0.0,0.0,162
0.0,3.4,1.7,0.0,5.1,0.0,3.4,1
0.7,0.0,0.0,0.0,0.0,0.0,0.0,1
0.0,0.68,1.36,0.0,0.24,2.04,0.0,1
0.7,0.0,0.0,0.0,0.0,0.0,0.0,1
1.0,0.0,1.0,2.0,0.0,1.0,0.0,1
0.17,0.18,0.65,0.0,0.0,1.2,0.96,1
0.34,0.24,0.24,0.72,0.68,0.51,0.0,1
0.0,0.0,0.0,0.0,0.0,2.0,5.24,1
0.0,1.4,1.36,0.68,0.0,0.13,0.0,1
0.0,0.0,0.0,1.66,0.81,0.0,0.0,1
0.34,0.0,0.0,0.0,0.0,0.0,0.0,1
1.18,0.24,0.24,0.0,0.34,0.51,0.34,1
0.0,0.0,0.0,0.0,0.0,0.0,5.0,1
0.0,0.0,0.0,0.0,0.54,0.0,0.42,1
0.0,0.0,0.0,0.0,0.12,0.34,0.0,1
0.0,0.0,0.0,0.0,0.0,0.24,0.24,1
0.0,1.19,0.0,0.7,0.0,0.0,0.0,1
1.36,0.68,0.0,0.0,0.0,0.0,0.0,1
8.29,0.0,2.0,0.0,13.71,11.59,6.19,1
0.0,0.0,0.0,0.0,0.0,0.0,0.0,4
0.0,0.0,0.0,0.0,2.94,0.34,1.47,1
0.0,1.02,0.34,2.04,1.04,1.4,0.0,1
0.0,0.0,0.0,1.0,0.0,0.0,0.0,1
0.0,0.0,0.0,0.0,0.0,1.0,0.0,1
0.0,0.0,0.49,0.7,0.08,0.0,0.08,2
0.0,0.0,0.0,0.0,2.0,2.0,0.0,1
0.0,0.0,0.0,0.0,1.7,1.23,1.52,1
0.34,0.0,0.0,0.0,0.0,0.0,0.0,1
0.0,0.0,0.0,0.0,0.0,0.0,0.42,1
3.66,0.0,0.0,0.0,0.0,0.0,0.0,1
0.0,0.0,0.0,0.0,0.0,0.24,0.0,1
0.0,0.0,0.0,0.0,0.0,0.0,0.0,1
0.0,0.0,0.0,0.0,0.0,0.09,0.0,2
0.0,0.94,2.0,0.94,0.0,4.52,0.0,1
0.0,0.0,0.0,0.0,0.0,0.24,0.34,2
0.7,0.08,0.0,0.0,0.0,0.0,0.0,1
0.7,0.0,0.0,0.0,0.0,0.12,1.25,1
0.0,0.0,0.0,0.0,0.0,0.0,0.0,1
0.0,0.0,0.17,0.0,0.0,0.0,0.0,1
0.0,0.0,0.0,0.0,0.0,4.15,0.0,1
1.19,0.0,0.0,0.0,1.71,2.56,0.0,1
0.24,1.06,0.58,0.0,0.0,2.44,1.24,1
0.0,0.0,0.0,0.0,0.0,0.0,0.37,1
0.06,0.0,0.0,0.0,0.06,0.06,0.12,2
0.0,0.0,0.0,0.68,0.36,0.0,0.0,1
0.68,1.74,0.0,0.0,0.34,2.12,0.24,1
2.0,0.0,0.0,0.0,0.0,2.17,2.6,3
0.0,1.34,0.0,0.0,2.24,2.24,0.0,1
1.49,1.19,1.7,1.4,0.49,0.0,0.0,1
0.0,0.0,0.0,1.47,0.34,1.47,0.0,1
0.0,0.24,0.16,0.16,0.0,1.4,0.0,1
0.0,0.0,0.0,0.0,0.0,0.0,0.0,1
0.0,0.08,0.0,0.0,0.0,0.0,0.0,1
0.08,0.0,0.24,0.12,0.04,4.71,4.96,1
0.0,0.0,0.0,0.0,0.0,0.0,0.0,1
0.0,0.0,0.0,1.96,2.45,0.0,0.0,1
0.0,0.0,1.04,0.0,0.49,0.0,0.0,1
0.0,1.7,0.0,0.0,0.0,3.4,0.0,1
0.0,0.0,0.0,0.0,0.0,0.0,0.0,1
0.0,0.0,0.0,0.0,0.0,0.0,0.0,2
0.0,0.08,0.0,0.0,0.0,0.0,0.0,1
0.14,0.0,0.0,0.0,0.0,0.0,0.0,2
0.0,0.0,0.0,0.0,0.0,0.34,0.0,2
0.0,0.0,4.47,0.0,0.0,0.0,0.0,1
0.0,0.0,0.0,0.0,0.0,0.49,0.17,1
0.0,0.0,0.0,0.0,0.0,0.0,0.08,1
0.49,0.0,0.0,0.0,0.23,0.0,0.0,1
0.0,1.4,2.0,1.0,0.0,0.0,0.0,1
0.0,0.0,0.0,0.0,0.18,1.44,0.0,1
0.0,0.0,0.0,0.0,0.12,0.0,0.0,1
0.0,0.17,0.41,0.34,0.0,0.24,0.0,1
0.0,0.0,0.0,0.0,0.0,0.0,0.0,253
0.0,0.0,0.0,0.08,0.0,0.0,0.0,1
0.0,0.0,0.0,0.0,0.0,0.0,0.0,7
0.0,0.0,0.0,0.0,0.0,0.0,0.0,3
1.0,0.0,1.0,1.0,0.0,0.0,0.7,1
0.0,0.0,0.0,0.0,0.0,0.0,1.0,2
0.0,0.0,0.0,0.0,0.7,0.0,0.0,1
0.0,0.0,0.0,0.0,0.0,0.0,0.0,1
0.0,0.49,0.7,0.0,0.0,0.0,1.96,1
0.0,0.0,0.0,0.0,0.0,0.0,0.0,1
0.0,2.04,0.7,0.0,0.0,0.0,0.0,1
0.34,0.0,0.58,0.82,0.0,0.17,0.58,3
0.0,0.0,0.0,0.0,11.76,0.0,0.0,2
0.49,0.7,2.49,0.0,0.0,0.0,0.98,1
0.96,0.41,0.0,0.0,0.0,0.0,0.0,1
0.0,0.0,0.0,0.0,6.24,0.0,0.0,1
0.0,0.12,0.73,0.0,0.0,0.0,0.0,1
0.68,0.0,0.0,0.0,0.0,0.0,0.0,1
1.19,0.0,0.1,0.0,0.0,0.0,0.49,1
0.7,0.7,0.7,0.0,0.0,0.0,2.97,1
0.0,0.0,0.0,0.0,0.0,0.0,0.0,2
0.0,0.0,0.0,0.0,0.0,5.46,0.0,1
0.0,0.0,0.0,0.18,0.06,0.0,0.0,1
0.0,2.81,1.9,0.0,0.0,0.72,1.94,1
0.0,0.12,0.0,0.0,0.12,0.24,0.0,1
0.12,0.0,0.0,0.0,0.0,0.0,0.0,1
1.0,9.22,13.91,9.44,24.88,24.18,5.0,2
0.0,0.34,0.0,0.0,0.0,0.0,1.7,1
0.0,0.87,0.0,0.08,0.0,0.0,0.17,1
0.0,0.0,0.46,0.0,0.0,0.0,0.0,1
0.24,0.82,1.26,1.19,0.85,2.94,1.61,1
0.0,0.0,0.0,0.0,0.0,0.0,0.0,1
0.0,0.0,0.0,0.0,0.0,0.0,0.49,1
0.0,0.0,0.0,5.1,2.49,15.86,12.58,1
0.0,0.0,0.0,0.0,0.0,0.0,0.34,1
0.0,0.0,0.0,0.0,0.0,0.73,0.0,1
0.0,0.0,0.0,0.0,0.0,0.0,0.0,2
0.0,0.0,0.0,2.36,0.0,1.02,0.0,1
0.0,1.0,0.0,0.0,0.7,0.0,0.0,1
0.0,0.0,0.0,0.0,0.0,2.0,0.0,3
0.0,0.0,0.0,0.0,0.0,0.0,0.34,1
0.0,0.0,0.0,0.0,2.0,0.0,18.0,1
0.0,0.0,0.0,0.0,0.0,0.0,0.0,1
0.0,0.0,0.0,0.17,0.0,1.53,0.0,2
0.0,0.0,0.0,0.0,0.0,0.0,1.11,1
7.7,2.49,0.98,0.49,0.0,9.63,7.0,3
0.0,0.0,0.24,0.0,0.0,0.0,0.0,3
0.0,0.0,0.0,0.0,0.0,0.36,2.76,1
1.47,0.98,0.0,0.0,0.0,0.06,0.0,1
0.0,0.0,0.0,0.0,0.0,0.0,0.0,1
0.0,0.72,0.0,0.24,0.0,0.0,0.0,1
0.0,0.0,0.0,0.0,0.0,0.68,0.0,1
0.49,0.98,0.0,1.02,0.34,1.36,1.4,1
0.0,0.0,0.0,0.0,0.12,0.0,0.0,1
0.0,0.0,0.0,0.0,0.0,0.0,0.0,1
0.0,0.0,0.0,0.0,0.0,0.7,0.0,1
0.0,0.0,0.0,0.0,0.0,0.0,0.0,1
0.0,0.0,0.0,0.17,0.0,0.0,0.34,1
0.7,0.7,0.42,0.0,0.0,2.68,0.0,1
0.0,0.0,0.0,0.0,0.0,0.0,2.0,1
0.0,0.0,0.0,0.0,0.0,0.0,0.0,6
0.0,0.83,0.49,0.83,1.4,1.87,1.02,1
0.0,0.7,0.0,0.0,0.12,0.14,0.0,1
0.0,0.0,0.0,0.0,0.0,0.21,0.0,1
0.0,0.0,0.0,0.0,0.0,0.0,0.0,1
2.0,0.0,3.49,4.7,2.4,0.7,0.0,1
1.04,0.0,0.0,0.49,0.83,0.0,1.68,1
0.0,0.0,0.0,0.0,0.7,0.0,2.4,1
0.0,0.0,0.0,0.0,0.06,0.0,1.47,1
0.0,0.0,0.0,0.0,0.0,0.0,0.0,1
0.0,0.0,0.0,0.0,5.73,0.0,0.0,1
1.0,0.0,0.0,0.0,3.5,1.47,0.0,1
0.0,0.0,0.0,0.0,0.0,0.0,0.0,2
0.49,0.49,1.68,3.36,4.04,6.21,0.98,1
0.0,0.0,0.0,0.0,0.0,0.0,1.19,1
1.06,0.73,3.36,1.56,0.76,0.0,0.24,1
0.0,0.0,0.0,0.0,0.0,0.0,0.0,1
0.0,0.0,0.0,0.0,0.0,0.06,0.0,1
0.0,0.0,0.0,0.0,0.17,0.0,0.0,1
0.0,0.0,0.0,0.0,0.0,0.0,0.0,1
0.0,0.0,0.0,0.0,0.0,0.0,0.0,6
1.0,0.0,0.0,0.0,0.7,0.7,0.0,2
0.0,0.57,0.0,0.61,1.03,0.0,0.0,1
0.34,0.0,0.0,0.0,0.0,0.0,0.0,1
0.12,0.0,0.0,0.0,0.36,0.0,0.0,1
0.0,0.0,0.0,0.0,2.38,0.0,0.0,1
0.7,0.0,1.17,0.0,1.06,1.49,1.0,1
0.0,12.56,7.46,0.46,1.8,0.0,0.85,1
0.24,0.0,0.0,4.0,0.0,0.0,0.0,1
0.0,0.0,0.0,0.0,0.0,0.0,0.7,3
0.0,0.0,0.0,0.24,0.0,0.0,0.0,1
0.0,0.0,1.62,0.0,0.0,0.0,0.0,1
1.36,0.0,0.0,0.82,0.0,0.0,0.0,1
0.0,0.0,0.0,0.0,0.0,0.0,3.06,1
0.0,1.0,0.0,2.0,3.4,4.5,2.0,1
0.0,0.0,0.0,0.0,0.0,2.1,0.0,1
1.7,0.0,0.0,3.4,0.7,2.0,0.0,1
0.0,0.7,0.0,0.0,0.0,0.0,0.0,1
0.0,0.0,0.0,0.0,0.0,0.0,0.0,1
0.24,0.0,0.0,0.0,3.06,0.82,1.68,1
0.0,0.0,0.0,0.0,0.0,0.0,0.0,1
0.0,0.17,0.0,0.0,0.0,0.0,0.0,1
0.0,1.0,1.0,0.0,0.0,0.0,0.0,1
0.0,0.0,0.0,0.0,0.16,0.36,0.0,1
0.0,0.0,0.0,0.0,0.0,0.0,0.34,1
0.0,0.0,0.0,0.0,0.24,0.34,0.34,1
0.0,3.5,0.0,0.0,0.0,0.0,0.0,1
0.0,0.0,0.0,0.0,0.0,0.0,0.0,4
0.24,0.0,0.0,0.0,0.0,0.0,0.0,1
2.07,0.0,0.0,0.0,0.0,4.08,0.0,1
0.0,0.0,0.0,0.0,0.0,1.36,1.17,1
2.0,1.0,0.0,0.0,0.0,0.0,0.0,1
0.0,0.0,0.0,0.0,0.0,0.08,0.0,1
0.0,0.0,0.0,0.0,0.12,10.0,9.5,1
0.0,0.0,1.34,0.0,0.0,0.0,0.0,1
0.0,0.0,0.0,0.0,0.0,0.0,0.0,2
0.0,0.0,0.0,1.06,0.32,1.1,0.36,1
0.0,0.0,0.0,0.0,0.0,0.12,0.08,1
0.0,0.0,0.0,0.0,0.0,0.73,0.0,1
0.0,0.0,0.0,0.34,0.0,1.66,0.96,1
0.0,0.0,0.0,0.0,0.0,1.2,0.0,1
0.0,0.0,0.0,0.0,0.0,0.0,0.0,1
0.0,0.0,0.0,0.0,0.0,0.0,0.06,1
0.0,0.0,0.0,0.0,0.0,0.0,0.0,1
0.0,0.0,0.0,0.0,0.0,0.0,0.0,2
0.0,0.0,0.0,0.0,0.06,0.0,0.36,1
0.0,0.0,0.0,0.0,0.0,2.34,0.0,1
0.0,0.0,0.7,1.4,0.0,6.62,0.08,1
0.0,0.0,8.32,0.0,0.0,0.0,11.31,1
0.0,0.0,0.28,0.0,0.0,0.28,1.47,1
0.0,0.0,0.0,0.49,0.0,0.16,0.0,1
2.16,0.0,0.0,1.85,0.75,1.85,0.7,1
0.0,0.0,0.0,0.3,0.0,0.0,0.0,1
0.0,0.0,0.0,0.0,0.49,1.7,0.0,1
0.12,0.0,0.0,0.0,0.12,0.0,0.0,1
1.8,0.97,0.93,0.0,0.74,1.93,0.28,1
0.0,0.0,0.0,0.0,0.0,1.25,0.0,1
0.0,1.0,0.0,0.0,0.0,0.0,0.0,2
0.0,0.0,0.0,0.0,0.0,0.49,0.0,1
0.0,0.0,0.0,0.0,0.0,0.0,0.0,2
0.0,0.0,0.0,0.0,0.0,9.23,1.94,1
0.0,0.0,0.0,0.0,0.0,0.0,3.75,1
0.0,0.34,0.0,0.0,0.0,0.0,0.0,1
0.0,0.0,0.0,0.0,0.0,0.0,0.0,1
0.0,0.0,0.0,0.0,0.0,0.34,1.47,1
0.0,0.0,0.0,0.0,0.0,4.9,0.49,1
4.1,0.0,2.1,2.1,3.23,0.0,0.0,1
0.0,0.0,0.0,0.0,0.55,0.0,0.0,1
0.0,0.0,0.0,0.0,0.0,0.0,0.68,1
0.0,0.0,0.96,0.0,0.24,1.19,0.0,1
0.0,1.17,1.0,1.7,0.0,0.08,0.0,1
0.0,0.0,0.0,0.0,0.0,0.0,0.0,1
0.0,0.48,0.0,0.0,0.0,0.0,0.0,2
0.0,0.0,0.0,0.0,0.0,0.0,0.0,6
0.0,0.34,0.0,0.0,0.0,0.0,0.0,1
0.0,0.0,0.0,0.0,0.0,0.0,0.12,1
0.08,0.0,0.0,0.0,0.18,0.7,0.16,1
0.0,0.0,0.34,0.49,0.0,0.0,1.04,1
0.0,0.34,0.49,2.05,2.3,2.68,1.47,1
0.0,0.0,0.0,0.0,0.0,0.0,0.16,1
4.07,9.42,7.4,16.02,15.42,15.9,0.0,1
0.0,0.0,0.0,0.0,0.0,0.0,0.0,1
0.0,0.0,0.0,0.0,2.66,0.0,0.0,1
0.0,0.7,0.49,0.7,0.0,0.0,0.0,1
0.0,0.0,0.0,0.0,0.0,0.0,0.0,1
0.08,0.0,0.0,0.0,0.0,0.0,0.0,1
0.72,0.34,0.0,0.0,0.0,0.0,0.0,1
0.0,0.49,0.0,0.0,0.0,0.0,0.0,1
0.0,0.0,0.0,0.0,1.0,0.0,0.0,1
0.0,0.0,0.0,0.0,0.0,7.0,0.0,1
0.0,0.0,0.0,0.0,0.0,0.0,0.0,5
0.0,0.0,0.0,0.0,0.0,0.0,0.0,1
5.34,0.0,1.36,0.0,8.68,0.0,0.0,1
0.0,2.08,0.0,2.19,0.0,0.94,0.0,1
0.0,0.0,0.0,0.0,0.0,0.0,0.17,2
0.0,0.0,0.0,0.0,1.56,0.96,0.0,1
0.0,0.0,0.0,0.0,0.0,0.0,0.0,3
0.0,0.0,0.0,0.0,3.12,0.0,0.0,1
0.57,0.57,0.0,0.0,1.33,0.0,0.0,1
0.0,0.0,0.0,0.0,0.0,0.0,0.0,2
0.0,0.0,0.0,0.0,0.0,0.0,0.7,1
0.0,0.0,0.49,0.0,0.49,0.0,0.0,1
0.12,0.7,0.32,0.48,0.41,0.08,2.29,1
0.0,0.17,0.0,0.12,0.0,0.0,0.0,1
3.5,2.17,0.0,1.03,1.17,2.91,4.77,1
0.0,0.0,0.0,0.0,0.0,0.68,0.0,1
0.0,0.0,0.0,0.0,0.0,0.0,0.0,1
3.0,5.36,1.32,6.96,7.29,6.09,2.18,1
0.0,0.0,0.34,0.0,0.68,0.17,0.0,1
0.0,0.0,0.0,0.0,0.4,0.0,0.57,1
0.0,0.0,0.0,0.0,0.0,0.98,0.73,1
1.45,14.33,11.84,17.92,4.04,13.92,6.88,1
0.04,0.08,0.0,0.0,0.0,0.0,0.92,1
0.0,1.4,0.0,0.0,0.0,0.0,0.0,1
0.0,0.0,0.0,0.0,0.0,0.0,0.0,5
4.06,0.0,0.0,0.0,0.0,2.05,0.0,1
0.0,0.0,0.0,0.0,0.0,0.0,0.0,8
0.0,0.0,0.0,0.0,1.29,0.0,2.58,1
0.0,0.0,0.0,0.0,0.0,0.7,0.0,1
0.0,0.0,0.24,0.0,0.2,0.0,0.0,1
0.34,0.0,0.24,0.0,0.58,3.92,0.9,2
0.0,0.0,0.0,0.0,0.0,0.17,0.0,1
0.0,0.0,0.17,0.0,0.0,1.02,0.24,1
0.0,0.0,0.0,0.0,0.0,0.0,1.4,1
1.47,1.08,0.0,0.66,0.0,2.51,4.72,2
0.0,0.0,0.0,0.73,0.24,0.0,0.0,1
0.0,0.0,2.0,0.0,0.0,6.0,0.0,1
1.47,0.0,0.83,0.0,0.0,0.0,0.0,1
0.0,0.0,0.0,0.0,0.0,0.0,0.0,1
0.0,1.83,4.08,0.0,0.0,1.19,4.76,1
3.68,0.83,0.98,1.93,0.04,0.98,0.0,1
0.7,2.8,0.0,0.0,0.0,0.0,0.0,1
0.0,2.0,0.0,0.0,0.0,0.0,1.19,1
0.0,0.0,0.0,0.24,0.0,0.0,0.12,1
0.0,0.0,0.0,0.0,0.0,0.0,0.0,1
0.0,0.0,0.0,0.0,0.0,0.0,0.0,7
0.0,0.0,0.0,0.0,0.0,0.0,0.0,2
0.0,0.0,0.34,0.24,0.0,0.0,0.0,1
0.0,0.0,0.24,0.0,2.0,0.34,2.55,2
0.08,0.0,0.0,0.0,0.0,0.0,2.1,1
1.6,18.26,1.85,0.98,0.3,5.9,2.88,1
0.0,0.0,0.0,0.0,0.0,0.0,0.0,2
10.35,0.7,1.96,0.49,0.0,3.57,4.59,1
0.0,0.0,0.0,0.0,0.0,2.0,0.0,2
3.01,3.01,4.82,2.06,8.1,2.57,2.46,1
0.0,0.0,0.32,0.64,0.0,0.0,0.0,1
0.0,0.0,0.0,0.0,0.0,0.0,0.0,2
0.0,1.0,2.0,0.0,4.0,0.0,0.0,1
0.0,0.0,0.0,0.0,0.0,0.0,2.48,1
0.12,0.0,0.0,0.0,0.0,0.0,0.0,2
0.0,0.0,0.0,0.0,0.0,0.0,0.0,1
0.0,1.49,0.0,0.0,0.0,0.0,0.0,1
5.62,1.0,6.72,8.56,7.45,4.24,1.0,1
0.0,0.0,0.0,0.0,0.0,0.0,0.0,1
0.0,0.0,0.0,0.0,0.0,0.49,0.0,1
0.0,0.0,0.0,0.0,0.0,0.0,0.0,1
0.0,0.0,0.0,0.0,0.0,0.0,0.0,1
0.0,0.0,0.0,0.0,0.0,0.0,0.0,109
0.0,0.0,0.0,0.0,0.0,0.0,0.0,1
0.84,0.0,0.0,0.29,0.28,0.0,0.29,1
0.0,0.0,0.0,0.0,0.0,0.0,0.12,1
0.08,1.44,0.34,0.3,2.73,1.94,0.92,2
0.0,0.08,0.0,0.0,0.0,0.0,0.0,1
0.51,0.0,0.0,0.0,0.0,1.8,3.48,1
0.04,0.0,0.06,0.0,0.0,0.0,0.24,1
0.0,0.7,0.7,0.0,0.0,0.0,0.0,2
0.0,0.0,0.0,0.0,0.0,0.0,0.0,1
0.0,0.34,0.68,1.58,4.18,4.18,1.34,1
1.26,0.0,0.0,0.0,0.0,0.0,0.0,2
0.0,0.0,0.0,0.24,0.0,0.0,0.0,1
1.0,0.72,0.0,0.0,0.0,0.0,0.92,1
0.0,0.0,0.0,0.0,0.0,0.0,0.0,1
0.0,1.02,0.68,0.0,0.98,0.0,0.0,1
0.0,0.12,0.24,0.0,0.0,0.0,0.0,1
0.0,0.0,0.0,0.0,6.8,8.9,0.0,1
0.0,0.0,0.0,0.0,1.7,0.53,0.52,1
0.34,0.0,0.17,0.17,0.0,1.68,1.4,1
0.0,1.0,0.7,0.0,0.0,0.0,0.0,1
0.0,0.0,0.49,0.0,0.24,0.0,0.49,1
0.0,0.0,0.0,0.0,0.0,0.0,0.0,44
0.0,0.0,0.0,0.0,0.0,0.7,0.0,1
0.0,0.0,0.0,0.0,0.0,0.0,0.0,9
0.0,1.0,1.7,2.12,5.29,7.75,2.9,1
2.98,3.52,0.48,1.48,0.83,0.49,0.2,1
0.0,8.21,4.9,2.98,1.0,10.41,0.0,1
0.24,0.0,0.51,0.17,0.63,0.0,0.0,1
0.0,0.0,0.0,0.0,0.0,0.0,0.0,1
0.0,0.0,0.0,0.0,0.0,0.7,0.0,2
0.0,0.0,0.17,0.0,0.0,2.0,0.0,1
0.0,0.0,0.49,0.0,1.2,0.98,1.47,1
2.8,0.0,0.0,0.0,0.0,0.0,0.0,1
0.0,0.0,0.0,0.0,0.0,0.0,0.68,1
0.0,0.0,1.7,0.0,2.51,3.98,0.0,1
0.0,0.0,0.0,0.0,0.0,0.48,0.0,1
0.0,0.0,0.0,0.68,1.02,0.34,0.0,1
0.0,0.0,0.0,0.0,0.0,0.0,0.0,1
0.0,0.0,0.0,0.0,2.0,6.0,0.0,1
0.23,1.24,0.0,0.0,0.68,6.16,1.57,1
1.96,0.0,0.16,0.0,0.0,0.0,0.0,1
0.24,0.0,0.0,0.0,0.0,0.0,0.0,1
0.0,0.0,0.0,0.0,0.0,0.68,0.0,1
0.0,1.0,0.0,0.0,0.0,0.0,0.0,1
0.86,0.16,0.68,0.0,1.32,0.63,3.04,1
0.12,0.0,0.0,0.0,0.0,0.34,0.0,1
5.5,0.0,7.33,2.38,8.8,7.88,6.06,1
0.0,1.99,2.71,1.74,0.24,1.52,2.24,1
0.0,0.0,0.0,0.0,0.0,0.0,0.0,1
0.06,0.08,0.06,0.08,0.06,0.0,0.42,1
0.0,0.0,3.0,2.17,0.0,1.41,0.0,1
0.0,0.0,0.12,0.0,0.73,0.12,2.5,1
0.0,0.0,0.72,0.12,0.0,0.0,0.17,1
1.2,0.6,0.0,0.0,2.54,3.14,3.52,1
0.84,0.48,0.0,0.0,0.72,0.0,0.24,1
2.84,4.75,1.98,8.07,6.7,11.27,1.96,1
0.0,0.0,0.0,0.0,0.0,0.0,0.0,13
0.0,0.0,0.0,0.0,0.0,0.0,0.0,1
0.0,0.0,0.0,0.0,0.0,1.66,0.48,2
4.0,3.47,1.0,0.0,0.7,1.89,0.7,1
0.66,0.0,0.66,2.27,0.91,0.47,2.41,1
0.0,0.0,0.0,0.0,0.34,0.0,1.02,1
1.0,4.24,2.72,1.96,3.44,0.96,0.24,1
5.64,3.03,7.6,4.01,8.6,3.3,0.0,1
0.0,0.0,0.0,0.0,0.0,0.0,0.0,2
0.0,0.0,1.47,0.7,0.0,0.0,3.62,1
0.0,0.0,0.0,0.0,0.0,0.0,0.0,1
7.62,0.0,0.0,0.0,3.88,0.0,0.0,1
0.95,0.0,1.29,0.0,0.0,0.95,5.44,1
2.0,0.0,0.0,0.0,2.42,2.0,1.0,1
0.0,0.0,0.0,0.0,0.0,0.0,0.0,1
0.0,0.0,0.0,0.34,0.0,0.68,0.0,1
0.0,0.06,0.0,0.0,0.0,0.0,0.12,1
0.0,0.0,0.34,0.0,0.0,1.0,0.0,1
0.0,0.35,2.38,0.24,0.24,0.0,2.0,1
0.36,0.23,0.0,0.0,0.0,0.0,0.0,1
0.0,0.0,0.0,0.0,0.0,0.0,0.0,1
0.0,0.0,0.0,0.0,0.0,0.0,0.0,1
0.0,0.0,0.0,0.0,1.02,1.7,1.0,2
0.0,0.0,0.24,0.0,0.0,0.0,0.0,1
0.0,0.0,0.0,0.0,0.0,0.0,0.0,12
1.88,0.64,3.8,4.0,0.28,2.92,0.0,1
0.0,0.0,0.0,0.34,0.49,2.74,0.0,1
0.24,0.0,0.17,0.51,0.17,0.0,0.0,1
0.0,0.0,0.0,0.0,0.0,0.7,0.0,1
0.0,0.0,0.0,0.0,0.0,0.0,2.0,1
0.0,0.49,0.98,0.0,0.0,1.36,0.0,1
0.0,0.0,0.0,0.0,0.56,0.16,0.0,1
0.0,0.0,0.34,0.0,0.0,0.0,0.0,1
0.12,0.17,0.29,2.89,0.48,0.63,0.0,1
0.0,0.0,0.0,0.0,0.0,0.46,0.96,1
0.0,1.0,0.0,0.0,0.0,0.0,0.0,1
0.0,0.7,0.0,0.0,0.0,0.98,0.0,1
0.0,0.7,4.04,4.3,4.9,3.92,2.45,1
0.0,0.0,0.0,0.0,0.0,0.48,0.0,1
0.81,0.0,0.0,0.0,0.0,0.0,2.28,1
0.0,0.0,0.0,0.0,0.0,0.0,0.0,58
0.0,0.0,0.0,0.0,0.0,0.0,0.0,1
0.0,1.0,0.0,0.0,0.0,2.4,0.0,1
1.0,0.0,1.92,3.34,2.68,0.65,0.0,1
0.0,0.0,0.0,0.0,0.17,0.0,0.0,1
0.12,0.0,0.0,0.0,0.0,0.08,0.0,1
0.0,0.0,2.61,3.71,3.44,11.43,0.5,1
1.52,0.0,0.0,0.0,0.0,5.69,5.43,1
0.0,0.0,0.0,0.0,1.66,0.0,0.0,1
0.0,0.0,1.08,0.4,0.0,0.48,0.0,1
0.0,0.0,0.0,0.0,0.0,0.0,8.7,1
0.0,0.0,0.0,0.0,0.16,0.72,0.48,1
0.24,0.24,0.0,0.0,0.0,0.48,2.18,1
0.0,0.0,0.0,0.0,0.0,0.0,1.0,1
0.0,0.34,0.0,0.0,0.0,0.42,0.42,1
0.0,0.0,0.0,0.0,0.0,0.0,0.34,1
0.0,0.0,0.0,0.0,0.0,0.0,0.08,1
0.0,0.0,3.0,0.0,0.0,0.0,0.0,1
0.0,0.0,0.12,0.0,0.0,0.17,0.0,1
4.22,11.8,7.95,1.35,1.5,6.18,0.16,1
0.0,0.0,0.0,0.0,1.0,2.0,0.0,1
1.36,0.31,1.0,0.76,0.12,0.04,0.97,1
0.16,0.0,0.0,0.0,0.0,0.06,0.06,1
0.0,0.0,0.0,0.0,0.0,0.17,0.17,1
0.0,0.0,0.0,0.0,0.0,0.0,0.0,1
0.0,0.0,0.0,0.0,0.0,0.0,0.34,1
0.18,0.0,0.0,0.0,0.0,0.0,0.0,1
0.0,0.0,0.0,0.0,0.0,0.0,0.0,1
0.0,0.0,0.0,0.0,0.0,0.0,0.0,1
0.0,0.0,0.0,0.0,0.0,0.82,2.68,1
0.17,0.34,0.17,0.17,0.0,0.0,0.0,1
0.0,0.0,0.0,0.0,0.98,0.0,0.0,1
0.0,0.0,0.0,1.0,0.0,0.0,0.0,1
1.4,1.0,0.0,0.0,1.0,1.0,1.7,1
0.0,0.0,0.0,0.0,1.0,0.0,0.0,1
0.48,0.0,0.0,0.0,0.0,0.0,0.0,2
0.68,0.0,0.0,0.0,0.0,0.0,0.0,1
0.0,0.0,0.0,0.0,1.0,0.0,0.0,1
0.0,0.0,1.02,0.0,0.0,1.04,0.0,2
0.0,0.0,0.0,1.38,1.98,0.49,0.0,1
0.0,0.0,0.0,0.0,0.0,0.0,0.0,1
0.0,4.11,3.72,4.51,0.79,2.46,0.0,1
0.0,0.2,1.43,0.36,0.41,0.0,0.0,1
1.06,0.04,0.33,0.0,0.4,0.03,1.76,1
0.0,1.34,0.0,0.0,0.0,0.0,0.0,1
0.0,0.0,0.0,0.0,1.0,0.0,0.49,1
0.0,0.0,0.0,0.0,0.0,0.34,0.96,1
0.0,0.0,0.0,0.0,0.0,0.0,0.0,1
0.0,2.0,0.0,0.0,0.0,0.0,2.0,1
0.0,0.0,0.0,1.02,1.66,0.68,1.32,1
0.7,0.0,0.7,1.0,0.0,5.8,0.0,1
0.0,0.06,0.0,0.0,0.0,0.0,0.0,1
0.0,0.0,0.0,0.0,0.0,0.0,0.24,1
3.23,1.29,0.0,0.0,0.0,2.52,0.17,1
1.08,0.9,0.18,0.0,0.12,0.34,2.8,1
0.0,0.0,1.0,0.0,0.0,0.0,0.0,1
0.0,0.0,0.0,0.0,0.7,0.7,0.12,1
0.0,0.0,0.0,0.0,1.8,0.0,0.34,1
0.24,0.0,0.0,0.0,0.0,0.0,0.0,1
0.0,0.0,0.0,0.0,0.0,0.0,0.0,1
0.7,0.0,1.0,1.7,2.4,4.78,2.7,1
0.0,0.0,0.0,0.0,0.0,0.0,0.0,1
0.0,0.0,0.0,0.0,0.0,0.87,0.0,1
0.0,0.0,0.06,0.0,0.0,0.0,0.0,1
0.0,1.0,0.0,1.4,0.0,0.0,0.0,2
3.72,0.0,0.0,0.0,7.68,3.22,2.48,1
1.91,3.44,2.94,2.55,1.3,0.0,1.84,1
3.48,0.72,0.24,0.72,0.0,18.74,0.0,1
0.0,0.41,0.0,0.24,0.12,0.0,1.0,1
0.0,0.0,0.0,0.0,0.0,2.08,0.0,1
0.0,0.0,0.0,0.0,0.0,0.36,0.0,1
0.0,0.0,0.0,0.0,0.0,0.0,0.0,1
0.0,1.12,0.0,0.0,0.0,1.0,0.0,1
0.0,0.0,0.0,0.0,1.4,0.49,0.0,1
0.0,0.0,0.0,5.0,0.0,0.0,0.0,1
0.0,2.0,0.0,0.0,0.0,0.0,1.4,1
0.0,0.49,0.49,0.0,0.7,0.0,0.0,1
0.98,0.0,0.0,1.0,0.0,0.0,0.0,1
0.41,0.0,0.0,0.0,0.0,0.17,0.49,1
0.0,0.0,0.0,0.0,0.0,0.0,0.34,1
1.02,0.0,0.96,0.0,0.0,0.0,0.0,1
0.7,0.0,0.08,0.7,0.0,0.0,0.86,1
1.38,0.0,0.0,1.07,0.0,0.0,3.77,1
0.0,0.12,0.0,0.0,0.0,0.0,0.0,1
0.0,0.0,0.49,0.0,0.0,0.0,0.49,1
0.16,0.0,0.0,0.0,0.0,4.82,5.58,1
0.0,0.0,0.0,0.0,0.0,0.0,0.0,1
0.0,0.0,0.49,0.0,0.0,0.0,1.87,1
2.96,0.12,2.0,1.0,0.0,0.28,0.83,1
0.12,0.0,0.17,0.29,1.09,5.9,0.2,1
0.0,0.0,0.0,0.0,0.0,0.0,0.68,1
0.0,0.0,0.24,0.68,0.0,0.34,0.0,1
0.0,0.0,0.0,0.73,0.0,0.0,0.0,1
0.34,0.0,0.0,0.0,0.0,0.0,0.0,1
0.0,0.0,0.0,0.0,0.0,0.0,0.0,1
0.0,3.0,0.0,0.0,0.0,0.0,0.0,1
0.0,0.12,0.0,0.17,0.0,0.95,0.47,1
0.0,0.0,0.0,0.0,0.0,0.0,0.0,3
0.0,0.0,0.0,0.06,0.0,0.03,0.0,1
0.0,0.7,0.0,0.0,0.0,0.0,0.0,1
0.0,0.24,0.48,0.0,0.0,0.0,0.0,1
0.0,0.0,0.0,0.0,0.0,0.0,0.0,17
0.0,0.0,0.0,0.7,0.0,0.0,0.0,1
1.4,0.0,0.0,1.24,0.0,0.0,0.0,1
0.0,0.38,0.0,0.0,0.0,0.0,0.0,1
0.0,0.0,0.0,0.7,0.0,0.0,0.0,1
0.0,0.08,0.09,0.0,0.0,0.0,0.0,1
0.51,0.0,0.0,0.0,1.0,0.0,0.0,1
0.0,0.0,0.0,0.98,0.0,0.0,0.0,1
0.0,0.0,0.0,2.49,0.0,0.0,4.23,1
0.0,0.0,0.49,0.0,0.0,0.0,0.0,1
0.0,0.7,0.0,0.86,0.32,0.0,0.0,1
0.0,0.0,0.0,0.0,0.0,0.0,0.0,1
0.0,0.0,0.0,0.0,0.0,1.4,0.0,1
1.96,8.76,3.44,1.38,1.04,0.91,0.52,1
1.19,0.0,0.0,0.0,2.74,2.76,1.71,1
0.0,0.0,1.68,0.0,0.0,1.96,0.0,1
0.0,0.0,0.0,0.0,0.0,0.08,0.0,1
0.0,13.48,0.0,0.0,8.66,0.0,0.0,1
0.0,0.0,0.0,0.0,0.0,0.34,0.0,1
0.49,0.0,0.0,1.83,2.0,4.0,0.0,1
0.0,0.49,1.19,0.7,1.0,2.7,5.1,1
0.0,0.0,1.0,0.0,0.0,0.0,0.0,1
0.0,0.0,0.0,0.0,0.0,0.0,0.0,8
2.24,4.0,0.41,0.24,6.6,3.64,5.6,1
0.0,0.0,0.0,0.0,0.7,3.8,0.0,1
0.7,0.0,2.1,0.49,0.0,0.0,0.0,1
0.0,0.0,0.0,0.36,0.0,0.0,0.0,1
0.7,0.0,0.0,0.0,0.0,0.0,0.0,1
0.0,0.36,0.0,0.0,0.0,0.0,0.0,1
4.91,0.0,2.33,1.04,0.0,0.0,3.78,1
0.0,0.0,0.0,0.0,0.0,1.54,2.19,1
0.03,0.0,0.0,0.0,0.0,0.0,0.0,1
1.0,6.12,0.0,0.0,0.0,0.0,0.0,1
0.0,0.0,0.0,0.0,0.0,0.0,4.76,1
0.94,0.0,0.0,0.34,0.0,0.0,1.06,1
0.0,0.0,0.0,0.0,0.12,0.32,0.68,1
0.0,0.12,0.2,1.7,0.0,0.0,1.08,1
0.0,0.0,0.0,0.0,0.0,0.0,0.98,1
0.0,0.0,0.0,0.0,0.0,0.0,0.0,1
0.0,0.0,0.0,0.0,0.0,0.0,0.0,1
2.1,0.0,0.7,0.0,3.5,2.1,0.0,2
0.0,0.0,0.0,0.06,0.0,0.04,0.12,2
0.27,0.0,0.0,0.0,0.0,0.0,0.0,1
0.0,0.0,0.0,0.0,0.0,0.0,0.49,1
1.6,0.96,0.0,0.0,0.4,1.45,2.45,1
0.0,0.0,0.0,0.0,0.17,0.0,0.0,1
0.0,1.51,0.0,0.0,1.99,0.0,0.0,1
2.47,0.58,0.0,0.0,0.0,5.36,4.29,1
0.0,0.0,0.0,0.0,0.0,0.0,0.0,1
1.96,4.98,7.25,10.95,15.41,9.65,2.64,1
0.2,0.0,0.0,0.0,0.0,0.0,0.0,1
0.0,0.0,0.0,0.0,0.0,0.0,0.0,2
0.0,0.0,0.46,0.34,0.0,0.12,1.29,1
0.0,0.0,0.0,0.0,0.0,0.0,0.0,3
0.0,0.0,0.0,0.0,0.0,0.0,0.0,1
0.0,1.4,0.49,3.43,1.16,1.06,0.7,1
0.0,0.0,0.0,0.0,0.0,0.0,0.0,2
0.0,0.0,1.0,0.7,0.0,0.49,0.0,1
1.06,0.73,0.08,1.13,0.23,0.4,0.0,2
0.7,0.49,0.34,0.0,0.0,1.62,1.89,1
0.0,0.0,0.0,0.0,0.0,0.0,0.0,1
0.0,0.0,0.0,0.0,0.0,0.58,0.24,1
1.4,1.4,0.7,2.1,0.0,0.0,0.0,1
0.0,0.0,0.0,0.0,1.0,0.0,0.0,1
0.0,0.24,0.0,0.0,0.0,1.53,6.47,1
1.0,0.0,0.0,0.0,0.7,0.0,0.0,1
0.0,0.0,0.0,0.0,0.65,1.16,0.0,1
0.0,0.0,0.0,0.0,0.0,1.0,0.0,3
0.08,0.0,0.0,1.48,0.24,5.55,0.12,1
0.0,0.0,0.0,0.0,0.0,0.0,0.0,12
0.0,0.0,0.0,0.0,0.0,16.82,5.96,1
0.0,0.0,0.0,0.0,0.0,0.6,7.85,1
0.0,0.0,0.0,0.0,0.0,0.7,0.0,1
0.0,0.49,0.0,0.0,0.0,0.0,0.0,1
0.0,4.88,0.0,2.86,0.0,1.73,17.8,1
1.89,1.49,0.0,0.0,0.0,0.98,5.5,1
0.0,0.0,0.0,0.0,0.0,0.0,0.7,1
0.0,0.0,0.0,0.0,0.0,0.0,0.0,1
0.0,1.0,4.2,3.62,1.64,0.24,0.4,1
0.0,0.0,0.0,0.0,0.0,0.0,0.0,1
0.17,0.0,0.0,0.0,0.0,0.0,0.0,1
0.0,0.0,0.0,0.0,0.0,0.7,0.0,1
0.0,0.0,0.45,0.0,0.0,0.0,0.0,1
0.78,0.0,0.0,0.0,0.09,0.38,0.0,1
0.0,0.0,0.0,0.0,0.0,0.28,0.0,1
0.0,0.0,0.0,0.0,0.0,0.0,0.0,11
0.0,3.0,0.0,0.0,0.0,0.0,0.0,1
0.0,0.0,0.0,0.0,0.0,0.0,0.0,1
0.0,0.0,0.0,0.0,0.7,0.12,3.0,2
0.0,0.0,0.0,0.0,0.0,2.1,2.1,1
0.0,0.0,0.0,0.0,0.0,0.0,0.0,3
0.0,0.0,0.0,0.0,0.0,0.0,0.0,13
0.0,0.0,0.0,0.0,0.0,1.16,0.08,2
0.0,0.0,0.0,0.0,0.0,0.34,0.98,2
0.48,0.24,0.68,1.17,0.68,0.34,0.0,1
0.83,0.0,0.0,0.0,0.0,0.0,0.34,1
0.0,0.0,0.0,0.0,0.0,0.0,0.0,1
0.7,0.0,0.0,0.0,0.0,0.0,0.0,1
0.0,0.0,0.0,1.61,0.0,0.61,0.0,1
0.0,0.0,0.58,0.0,0.0,0.0,0.17,1
0.0,0.0,0.0,0.0,0.0,0.0,0.0,19
0.0,0.0,0.0,0.0,0.0,0.0,0.0,1
0.0,0.0,0.12,0.0,0.0,0.0,0.0,1
0.0,0.0,0.0,0.0,0.0,0.0,0.0,2
0.0,0.0,0.0,0.0,0.68,0.0,0.0,1
0.0,0.0,0.7,0.12,0.76,2.51,0.0,1
0.24,1.22,1.4,0.0,0.0,1.96,0.0,1
0.0,0.0,0.0,0.0,0.0,0.0,0.0,1
0.0,0.0,0.0,0.0,0.49,0.0,0.0,1
0.0,0.0,0.0,0.0,0.0,0.0,0.0,2
0.56,0.0,0.8,0.06,0.0,0.8,0.0,1
0.08,0.0,0.0,0.0,0.0,0.0,0.0,1
0.0,0.0,0.76,1.52,0.76,7.29,0.65,1
0.16,0.0,0.0,0.0,0.0,0.98,0.7,1
0.0,0.0,0.0,0.0,0.24,2.98,0.0,1
0.0,0.0,0.0,0.0,0.12,0.0,0.12,1
1.0,0.0,0.0,0.0,0.0,0.0,6.16,1
6.94,10.72,12.4,0.0,8.16,0.94,8.44,1
0.0,0.0,0.0,1.02,0.0,0.0,0.0,1
0.0,0.0,0.0,0.0,0.0,0.82,0.0,1
0.0,0.0,0.0,0.49,0.0,1.96,0.0,1
0.0,0.0,0.0,0.0,0.0,0.0,0.0,1
0.0,0.0,0.0,0.98,0.04,0.0,1.4,1
0.0,1.69,0.44,1.4,0.81,1.58,0.18,1
0.0,0.12,0.0,0.0,0.24,0.0,0.0,1
0.0,0.0,0.0,0.0,0.0,0.0,3.36,1
1.57,1.4,0.17,0.0,0.0,0.0,0.34,1
1.12,0.0,0.0,0.0,0.0,2.83,2.24,1
0.0,0.0,0.0,0.0,0.0,0.0,0.0,1
0.0,0.0,0.0,0.0,0.0,0.03,0.08,2
0.0,0.0,0.0,1.0,0.0,1.02,0.0,1
4.61,5.42,1.68,8.36,3.98,2.54,3.3,1
0.49,0.0,0.0,0.0,0.0,2.0,0.0,1
0.0,0.0,0.0,0.0,0.0,0.49,0.49,1
0.0,0.0,0.0,0.0,1.02,0.34,0.0,1
0.0,0.18,0.04,0.7,0.66,0.92,0.12,1
0.0,0.0,0.0,0.0,0.0,0.0,0.0,1
0.0,0.0,0.0,0.0,0.0,0.0,0.0,1
0.0,0.0,0.0,0.0,0.0,0.0,0.0,1
0.0,1.4,1.4,2.0,2.0,3.0,1.0,1
0.0,0.0,0.0,0.0,0.0,1.0,0.0,1
2.02,3.2,2.3,0.68,1.12,0.0,3.26,1
0.24,0.0,0.0,0.0,0.0,0.0,3.24,1
0.0,0.0,0.0,0.0,0.7,0.0,0.0,1
0.0,0.0,0.0,0.0,0.0,0.0,0.98,1
0.0,0.0,0.0,0.0,3.52,3.1,0.0,1
0.0,0.0,0.0,0.0,0.0,0.0,1.02,1
0.0,0.0,0.0,1.44,0.0,0.0,2.32,1
0.0,0.0,0.0,1.19,0.0,0.0,0.0,2
0.0,0.0,0.0,0.0,0.0,0.24,0.0,1
0.0,0.0,0.7,0.0,0.0,0.0,0.0,1
0.0,0.0,0.0,0.0,0.24,0.48,0.0,1
0.0,0.0,0.0,0.0,0.0,0.0,0.98,1
0.0,0.0,0.0,0.0,0.0,0.0,0.04,1
0.0,0.0,0.0,0.0,0.0,0.0,0.0,1
0.0,2.08,0.0,0.0,0.0,1.13,0.0,1
0.0,3.68,0.2,0.0,1.43,4.0,0.0,1
0.0,0.0,0.0,0.0,0.0,0.0,0.0,3
0.48,0.24,0.82,0.0,0.0,0.0,0.0,1
0.0,0.0,0.0,0.0,2.49,0.0,0.0,1
0.0,0.0,0.0,0.0,0.0,0.0,0.0,7
0.0,0.0,0.0,0.0,1.0,0.0,1.0,1
0.0,0.0,0.0,0.0,0.0,0.17,0.0,1
0.0,0.0,0.0,0.0,0.0,0.0,0.0,1
2.0,1.0,0.0,0.0,4.2,1.4,0.0,2
0.03,0.0,0.0,0.0,0.0,0.0,0.0,1
0.0,0.0,0.0,0.0,0.0,0.0,0.0,1
0.0,0.48,0.0,0.0,0.0,0.0,0.0,2
0.99,0.0,5.0,0.0,1.43,3.94,1.0,1
0.0,0.0,0.0,0.0,0.0,0.12,0.06,1
0.0,0.0,0.0,3.08,0.0,0.0,0.17,2
0.0,0.0,0.0,0.0,0.0,0.0,0.0,1
0.0,3.35,0.0,1.24,0.87,0.0,0.0,1
0.0,0.0,0.0,0.0,0.0,0.0,0.0,5
0.0,0.0,0.08,0.17,0.0,0.12,0.48,1
1.59,0.84,1.2,1.44,2.14,1.78,1.44,1
0.0,0.0,2.22,0.0,0.0,2.8,4.2,1
3.5,2.4,2.4,10.59,15.9,11.9,10.1,1
0.0,0.0,0.24,0.0,0.0,0.0,0.0,1
0.0,0.34,1.96,0.34,0.49,1.07,1.19,1
0.0,0.0,0.0,0.17,0.0,0.0,0.0,1
0.0,0.0,0.2,0.48,1.52,1.0,1.0,1
0.0,0.0,0.0,0.0,0.0,0.0,0.0,39
0.0,0.0,0.0,3.31,1.4,0.17,5.0,1
0.0,0.0,0.0,0.0,0.0,0.0,0.0,1
0.0,0.0,0.92,0.0,1.1,0.86,0.0,1
0.0,0.0,0.08,0.0,0.0,0.68,0.0,1
0.0,0.0,0.0,0.0,0.0,0.08,0.0,1
7.1,2.7,0.0,1.0,0.0,2.0,12.0,1
0.17,0.51,0.17,0.34,0.0,0.0,0.0,1
1.61,2.7,3.41,0.08,2.1,0.29,4.0,1
0.0,0.0,0.0,0.0,0.0,1.0,3.0,1
0.0,0.0,0.0,0.0,0.0,1.24,2.0,1
0.0,0.0,0.0,0.0,0.0,0.0,0.0,1
0.51,0.0,0.0,0.0,1.16,0.34,0.68,1
0.24,0.0,0.0,0.0,0.0,0.0,0.58,1
0.0,0.7,0.0,1.0,0.0,6.78,0.0,1
0.0,0.0,0.0,0.0,0.0,0.0,1.0,1
0.0,0.0,0.0,0.0,0.0,0.0,0.0,2
0.06,0.0,0.0,0.0,0.0,0.22,0.82,2
0.0,0.45,1.73,1.28,0.0,1.85,0.0,2
0.0,0.0,0.0,0.17,0.24,2.16,2.84,2
0.0,0.0,0.0,0.0,0.0,0.7,0.0,1
0.0,0.0,0.0,0.0,0.0,0.0,0.0,2
0.0,0.0,0.0,0.0,0.0,0.16,0.6,1
0.34,0.34,0.34,0.0,0.24,0.17,0.7,1
0.0,0.0,0.0,0.0,0.0,0.0,0.0,1
0.0,0.0,0.7,0.0,1.0,0.0,0.0,1
0.0,0.0,0.0,0.0,0.34,0.06,0.1,1
0.0,0.0,0.0,0.0,0.72,0.0,0.0,1
0.0,0.0,0.0,0.0,0.0,0.0,0.0,1
0.0,0.2,0.0,0.0,0.0,0.0,0.0,1
0.0,0.0,1.7,1.0,0.0,5.34,2.7,1
0.12,0.0,0.0,0.0,0.0,0.0,0.0,1
0.0,0.0,0.0,0.0,0.0,3.72,1.03,1
0.0,0.0,0.34,0.48,0.0,0.0,0.0,1
0.34,0.68,1.98,0.68,0.0,0.0,0.0,1
0.0,0.0,0.0,0.0,2.45,1.47,1.4,1
0.0,0.0,1.89,1.4,2.01,1.19,1.19,1
0.0,0.0,0.0,0.0,0.0,0.0,0.0,1
0.0,0.0,0.0,1.0,0.0,0.0,0.0,1
0.0,0.0,4.47,0.0,0.0,0.0,0.0,1
0.0,0.0,0.0,0.0,0.0,2.8,0.0,1
0.0,1.17,0.0,0.0,0.0,1.56,0.0,1
0.58,0.82,0.2,0.0,0.2,0.0,0.29,1
0.0,0.0,0.0,0.0,0.0,0.0,0.24,1
1.0,0.98,2.0,0.0,0.0,0.0,4.47,1
4.34,2.17,0.17,0.41,7.54,3.98,1.13,1
0.0,0.0,0.0,0.0,0.0,0.34,0.0,1
0.34,0.0,0.0,0.0,0.0,0.0,0.34,1
0.0,0.49,0.0,0.0,0.0,0.0,0.0,2
0.0,0.12,0.24,0.36,0.18,0.0,0.0,1
0.24,0.0,0.0,0.0,0.49,0.0,0.0,1
0.0,0.38,0.0,0.78,0.0,0.0,0.0,1
0.12,0.24,0.0,0.34,0.0,0.0,0.0,1
0.0,0.0,0.34,0.0,0.0,0.0,0.0,1
0.34,0.34,0.0,0.0,0.0,0.0,0.0,1
0.0,0.0,0.0,0.0,0.0,0.0,0.0,1
0.0,0.0,0.0,0.0,0.0,0.48,0.0,3
0.0,0.0,0.0,0.0,0.0,0.0,0.0,9
0.34,0.34,0.34,1.33,1.26,1.17,0.82,1
2.81,0.0,0.0,4.61,8.99,0.0,3.85,2
1.1,0.34,1.36,0.0,2.16,5.32,3.46,1
0.0,0.0,0.0,0.0,0.0,0.0,0.0,1
0.0,0.0,0.0,0.0,0.0,0.0,1.02,1
0.0,0.0,0.7,2.4,0.0,0.0,0.0,2
0.58,0.0,2.32,1.16,0.0,0.0,2.52,1
0.36,0.0,0.0,0.5,0.5,1.8,0.0,1
0.7,4.0,2.4,0.0,0.0,0.0,0.49,1
0.0,0.0,0.0,0.0,0.0,2.1,0.0,1
0.0,0.0,0.0,0.0,0.0,1.92,0.0,1
2.29,1.91,6.44,1.61,8.01,10.1,3.94,1
0.0,0.0,0.0,0.0,0.0,0.0,2.0,1
0.0,0.0,0.0,0.49,0.0,0.0,1.87,1
0.12,0.08,0.32,0.32,0.3,0.12,0.0,1
7.72,1.3,5.72,0.12,1.32,0.68,10.2,1
0.0,0.0,0.0,0.0,0.0,0.24,0.48,1
0.0,0.0,0.0,0.0,0.0,0.0,0.0,1
0.0,0.0,0.0,0.0,0.0,0.0,0.0,1
0.0,0.7,0.0,0.0,0.0,0.7,0.0,1
0.0,0.0,0.0,0.0,0.0,0.0,0.0,2
2.0,0.0,0.0,1.0,4.8,6.4,5.0,1
0.0,0.0,0.0,0.0,0.0,0.04,0.06,1
4.62,2.97,0.0,1.12,2.1,0.0,0.0,1
2.43,5.4,3.28,1.94,0.0,0.0,4.04,1
0.0,0.0,0.0,0.0,0.34,0.24,0.0,1
0.0,1.0,0.0,0.0,2.1,2.0,0.0,1
0.0,0.0,0.7,1.0,0.0,0.0,0.0,1
0.0,0.0,0.0,0.0,2.8,0.0,0.0,1
0.0,0.0,0.24,0.0,0.0,0.24,0.98,1
0.0,0.0,0.06,0.0,0.0,0.0,0.0,1
0.0,0.0,0.0,0.0,0.58,0.0,0.0,1
0.0,1.02,0.34,0.0,0.0,0.0,0.0,1
0.0,0.0,0.0,0.68,0.0,0.0,0.0,1
0.48,0.68,0.17,0.0,0.0,0.0,1.44,1
0.0,0.08,0.0,0.0,0.06,0.0,0.0,1
0.0,0.0,0.0,0.0,0.0,0.0,0.7,1
0.0,0.0,0.0,0.0,0.0,0.0,0.0,1
0.0,0.0,0.7,1.4,3.08,1.2,0.0,1
0.0,0.0,0.0,0.0,0.0,0.0,2.0,1
0.0,0.0,0.0,0.0,0.0,0.0,0.0,3
0.0,0.0,0.0,0.0,0.0,0.0,3.0,1
1.0,0.0,0.0,0.0,0.0,0.0,0.0,1
2.22,5.32,3.14,0.24,0.24,0.48,0.0,1
0.0,1.0,0.0,0.0,0.0,0.0,0.0,1
0.0,0.0,0.0,0.0,0.0,0.0,0.0,5
0.24,0.28,0.32,0.12,0.22,0.0,0.12,1
0.0,0.0,0.0,0.0,0.0,7.84,0.0,1
0.0,0.0,0.06,0.0,0.08,0.0,0.0,1
0.0,0.0,1.06,1.06,2.12,0.0,0.0,1
0.0,0.0,0.0,0.0,0.0,0.0,0.0,4
0.49,0.7,0.0,0.0,0.0,0.0,0.0,1
1.89,1.66,1.81,0.34,0.0,2.34,0.68,1
0.0,0.0,0.0,0.0,0.0,0.0,0.0,1
1.2,1.44,0.72,0.0,0.88,1.68,5.0,1
0.0,0.0,0.0,0.0,0.0,0.0,0.12,1
0.0,0.0,0.0,0.0,0.0,0.0,0.0,1
0.0,0.0,0.0,0.0,0.0,0.98,0.0,1
0.0,0.7,0.0,0.0,0.49,4.78,0.0,1
1.0,0.0,0.0,0.0,0.0,0.0,0.0,2
0.0,0.0,0.51,0.17,0.0,0.0,7.19,1
0.34,0.48,0.0,0.0,0.0,0.34,0.0,1
0.0,0.0,1.4,0.0,1.16,1.68,0.42,1
0.0,0.0,0.0,0.0,0.0,0.0,0.0,1
0.0,0.18,0.2,0.24,0.12,0.16,0.0,1
0.0,2.19,0.0,0.0,1.49,0.0,0.0,1
0.0,0.17,0.24,0.0,0.48,0.58,0.0,1
0.0,0.0,0.0,0.0,0.0,0.0,0.0,2
0.0,0.0,0.0,0.0,0.0,0.0,0.17,1
0.0,0.0,0.0,0.68,1.08,0.0,0.0,1
0.0,0.04,0.0,0.04,0.04,1.02,0.0,1
0.0,0.0,0.0,0.0,0.0,0.0,0.0,18
0.0,2.0,0.0,0.0,0.0,0.0,0.0,1
0.0,0.0,2.08,0.12,0.0,0.0,0.0,1
5.74,4.76,1.35,3.47,2.57,4.82,5.8,2
0.0,0.0,0.0,0.0,0.0,0.0,0.0,2
0.0,0.0,0.0,0.0,0.0,0.0,0.0,22
0.0,0.0,0.0,0.0,0.0,0.72,0.36,1
0.0,0.0,0.0,0.0,0.36,0.0,0.0,1
0.0,0.0,0.0,0.0,0.0,0.06,1.53,1
0.0,0.0,0.18,0.12,0.0,0.12,0.18,1
0.0,0.0,0.0,0.0,0.28,0.34,0.17,1
0.12,0.0,0.0,0.0,0.0,0.0,0.0,1
0.0,0.0,0.0,0.0,0.92,4.6,0.0,1
0.0,0.0,0.0,1.48,0.0,2.08,0.0,1
0.0,0.0,0.0,0.0,0.0,0.0,0.24,2
1.06,3.4,0.61,1.0,1.7,1.7,5.69,1
0.0,0.49,0.49,0.65,0.18,0.36,0.0,1
0.0,2.1,0.98,1.85,2.53,3.64,2.89,1
0.0,0.0,0.0,0.0,0.0,0.0,0.0,1
0.0,0.0,0.0,0.0,0.0,0.0,0.0,1
0.0,0.0,0.0,0.0,0.0,0.49,0.0,1
1.4,0.7,0.0,0.0,0.0,5.7,1.7,1
0.0,0.0,0.0,2.0,0.0,2.0,0.0,1
0.0,0.0,0.0,0.0,0.0,0.0,0.0,54
0.0,0.0,0.0,0.0,0.0,0.0,0.0,1
1.0,0.0,0.0,0.0,0.0,0.0,0.0,1
0.0,0.0,0.0,0.0,0.0,0.0,4.08,1
0.0,0.0,0.0,8.04,0.49,0.49,0.68,1
0.0,0.24,0.0,0.0,0.0,0.0,0.0,1
0.0,0.0,0.0,1.0,0.0,0.0,0.0,1
0.0,0.0,0.0,0.0,0.0,0.0,0.08,1
0.0,0.0,0.0,0.0,4.44,2.22,5.32,1
0.24,0.0,0.0,0.0,0.0,0.0,3.5,1
0.0,0.0,0.0,0.0,0.0,0.7,0.0,1
3.0,0.7,0.0,1.0,0.0,0.0,0.0,1
0.0,0.24,0.48,0.68,0.0,0.0,0.0,1
0.0,0.0,0.0,0.0,0.0,0.0,0.0,1
1.0,1.0,0.0,0.0,0.0,0.24,2.02,1
0.0,2.17,0.0,1.36,0.0,0.0,0.0,1
0.0,0.0,0.0,0.0,0.0,0.0,0.0,1
0.0,0.34,0.49,0.0,0.0,0.0,0.0,1
3.4,1.19,0.83,0.0,3.04,3.1,0.0,1
0.0,0.7,0.49,0.12,1.89,0.49,0.0,1
2.0,0.0,0.0,0.0,0.0,0.0,0.0,1
0.0,0.0,0.98,0.0,0.0,0.0,1.32,1
0.0,0.0,0.0,0.0,0.0,0.0,0.0,7
0.0,0.0,0.0,0.06,0.0,0.0,0.0,1
0.0,0.0,0.0,0.0,0.0,0.0,0.0,1
1.1,5.64,7.86,6.56,1.68,6.38,3.67,1
0.0,0.06,0.06,0.0,0.0,0.0,0.0,1
0.0,0.0,0.0,0.0,0.0,0.12,0.0,2
0.0,0.0,0.0,0.0,0.0,1.7,0.0,1
0.0,0.0,0.0,0.0,0.0,0.0,0.0,1
0.0,0.0,0.0,0.0,1.52,0.17,0.0,1
0.0,0.0,0.24,0.17,0.0,0.12,0.58,1
3.0,0.0,0.0,1.0,0.0,0.0,0.0,1
0.0,0.0,0.0,0.0,0.0,5.29,1.43,1
0.0,0.0,0.0,0.0,11.84,4.44,0.0,1
1.91,9.44,0.42,0.0,2.42,0.96,0.48,1
0.0,0.0,0.24,0.0,0.92,0.68,0.0,1
0.0,0.0,0.0,0.0,0.0,0.98,0.0,1
0.0,0.0,0.48,0.0,0.0,0.34,0.0,1
0.0,0.06,0.0,0.0,0.06,0.0,0.0,1
0.0,0.0,0.0,0.0,0.49,1.02,0.0,1
0.34,0.0,0.0,0.0,0.0,0.0,0.24,1
0.0,0.24,1.32,0.0,0.0,1.34,2.0,1
0.0,0.0,0.0,0.0,0.0,0.0,0.0,1
0.0,0.0,0.0,0.17,0.0,0.0,0.0,1
1.47,0.08,0.06,0.0,0.08,0.0,0.0,1
0.0,0.0,0.0,0.0,0.0,1.34,0.0,1
0.34,0.0,0.0,0.0,0.46,2.32,0.34,1
0.0,0.0,0.0,0.0,0.0,0.0,0.82,1
0.0,0.0,0.0,0.0,0.0,0.0,0.0,1
0.0,0.0,0.0,0.0,0.0,0.0,0.49,1
0.0,0.0,0.0,0.0,0.0,0.24,0.0,1
3.08,0.0,1.0,1.96,2.59,3.1,1.0,1
0.0,0.0,0.26,0.0,0.0,0.0,0.0,2
0.0,0.0,0.0,0.0,0.0,0.0,0.0,1
0.0,0.0,0.0,0.0,0.0,0.0,0.0,1
1.38,1.38,0.0,0.0,0.0,0.0,0.0,1
0.0,0.0,0.0,0.0,0.0,5.1,0.0,1
0.0,0.0,0.0,0.0,0.0,0.0,0.0,1
0.0,0.0,0.0,0.24,0.0,0.0,0.0,1
0.0,0.0,0.0,0.0,0.06,0.0,0.0,1
3.22,1.12,3.08,0.0,6.34,14.4,7.86,1
0.0,2.0,2.0,7.0,6.29,14.9,7.0,1
0.0,0.0,0.0,0.0,0.0,0.24,0.0,1
0.0,0.0,0.0,0.0,0.0,0.0,0.0,1
0.24,0.0,0.0,1.17,0.0,0.0,0.17,1
0.0,0.0,0.0,0.0,0.49,0.83,0.0,1
0.98,0.92,0.0,0.0,0.34,0.0,0.0,1
0.0,0.98,0.0,0.0,0.0,0.0,0.7,1
0.0,0.0,0.0,0.0,0.08,0.34,0.0,1
0.0,1.0,0.0,0.0,2.8,0.0,0.0,2
0.0,0.0,0.0,0.0,0.7,0.0,0.0,1
0.0,0.7,0.0,0.0,0.0,0.0,0.0,1
0.0,0.0,0.0,0.0,0.0,0.0,0.0,4
0.0,0.0,0.0,0.0,0.0,0.0,0.0,11
3.36,2.57,0.57,0.98,0.0,1.96,2.1,1
0.0,0.0,0.0,0.0,0.0,4.12,1.21,2
0.0,0.0,0.17,0.0,0.17,0.0,0.0,1
0.0,0.0,0.03,0.0,0.0,0.0,0.0,1
0.0,0.0,0.0,1.0,0.0,2.1,2.0,1
0.0,0.0,0.0,0.0,0.0,0.0,0.49,3
0.0,0.0,0.0,0.0,1.82,5.46,0.0,1
0.0,0.34,0.0,0.03,2.38,0.0,0.0,1
0.7,0.24,1.58,0.29,0.89,1.57,0.34,1
0.0,0.0,0.48,0.0,0.0,0.96,0.34,1
0.0,5.38,0.0,0.0,0.0,2.0,0.0,1
5.1,1.92,0.54,0.0,4.14,10.25,3.3,1
0.49,0.0,0.0,1.12,0.0,2.98,0.98,1
0.0,0.0,0.0,0.0,0.0,0.0,0.04,1
0.16,0.34,0.0,0.74,0.34,3.06,0.06,1
0.73,0.0,1.04,1.04,3.12,1.12,2.08,1
0.0,0.0,0.0,0.0,0.17,0.0,0.0,1
3.0,1.4,0.0,0.0,5.22,4.62,0.0,1
2.34,0.0,0.42,0.0,0.68,0.42,1.13,1
0.0,0.0,0.0,0.0,0.0,0.0,0.7,1
0.0,0.0,0.0,0.0,0.0,0.0,0.08,1
0.24,1.02,0.0,1.92,0.72,0.96,0.0,1
0.0,0.0,0.0,0.0,0.0,0.98,0.17,1
0.0,0.0,0.48,0.92,0.17,0.0,1.2,1
0.0,0.0,0.34,0.0,0.0,0.0,0.58,1
0.0,0.0,0.0,0.0,0.0,0.0,0.0,1
0.0,0.0,0.0,0.0,0.0,14.0,0.0,1
0.0,0.0,0.46,0.0,0.0,0.0,0.0,1
0.0,0.84,2.24,1.0,5.88,0.0,2.9,1
0.0,0.0,0.0,0.72,0.12,0.0,0.0,1
0.0,0.0,0.49,1.96,0.0,0.49,0.0,1
0.0,0.0,0.0,0.0,0.0,0.0,0.12,1
0.0,0.0,0.0,0.0,0.0,0.0,5.32,1
2.98,0.98,0.0,0.0,0.0,0.7,0.7,1
0.0,0.0,0.0,0.0,0.0,0.0,0.0,41
0.0,0.0,0.0,0.0,0.0,0.0,0.0,25
1.47,0.0,0.0,0.34,0.0,0.0,1.64,2
0.0,0.0,0.0,1.47,0.0,1.36,0.0,2
1.0,1.0,0.0,0.0,0.0,0.0,0.7,2
0.0,0.0,0.0,0.0,0.0,0.0,0.0,2
1.96,0.0,0.0,0.0,0.0,0.98,0.0,1
0.0,0.0,0.0,0.0,0.0,0.0,2.28,1
1.84,1.53,0.12,0.0,2.3,1.17,0.78,2
0.0,1.0,0.0,1.47,0.98,0.24,0.49,1
0.34,0.68,0.98,0.98,0.68,0.68,1.47,1
0.0,0.0,0.0,0.0,0.0,0.0,0.0,5
0.0,0.0,0.0,0.0,0.0,9.36,0.0,1
0.0,0.0,0.0,0.0,0.0,0.82,0.0,1
0.34,0.0,0.24,0.24,0.0,0.0,0.24,1
0.48,0.0,0.89,0.0,0.4,2.52,0.55,1
0.0,2.19,0.0,0.0,1.19,10.44,7.55,1
0.0,0.0,0.0,0.0,0.0,0.0,0.58,1
0.0,0.0,0.0,0.0,0.0,0.0,0.0,1
0.0,0.0,0.24,0.0,0.0,0.0,0.0,1
2.64,1.04,0.0,3.21,2.34,0.34,2.1,1
0.0,0.98,0.0,0.0,0.0,0.12,0.0,1
0.0,0.0,0.0,0.0,1.26,0.0,0.0,1
0.0,0.0,0.0,0.0,0.0,0.49,0.0,1
0.0,2.64,2.04,3.0,1.16,0.0,0.0,1
0.0,0.0,1.0,0.0,0.0,0.0,0.0,1
1.04,0.06,0.08,0.16,0.52,0.06,0.0,1
0.0,0.0,0.0,0.0,0.12,1.14,0.48,2
0.0,0.0,0.24,0.0,0.0,1.19,1.32,1
0.0,0.0,0.0,0.06,0.0,0.0,0.0,1
0.98,1.4,3.57,4.0,2.8,0.0,0.0,1
0.0,0.0,0.0,0.0,0.0,0.0,0.0,1
0.0,0.0,0.0,0.68,0.16,0.0,0.0,1
0.0,0.0,0.0,0.0,0.0,0.0,1.0,1
0.0,0.0,0.0,0.0,0.0,0.0,0.12,2
0.0,0.0,0.0,0.0,0.0,0.12,0.08,1
0.0,0.12,0.08,0.17,0.0,0.29,0.0,1
0.0,0.0,0.0,0.0,0.0,0.0,0.0,1
0.0,0.58,0.24,0.0,0.0,1.48,0.0,1
0.0,0.0,0.0,0.0,0.7,0.7,0.0,1
1.4,0.98,0.0,0.0,1.4,3.28,0.0,1
0.0,0.0,0.0,0.24,2.0,1.28,1.36,1
0.0,0.0,0.0,0.0,0.0,0.0,0.22,1
0.17,0.48,0.34,1.02,0.0,0.46,0.48,1
0.0,0.0,0.0,0.0,0.0,0.0,0.0,1
0.0,0.0,0.0,0.0,0.0,1.4,0.0,1
0.0,0.0,0.0,0.0,0.0,0.0,0.0,1
0.0,0.0,0.0,0.0,0.0,0.87,0.24,1
0.0,0.0,0.0,0.0,0.22,0.44,0.0,1
0.0,0.0,0.0,0.0,0.0,0.0,8.0,2
0.0,2.98,2.08,0.0,1.76,1.77,0.0,1
1.0,0.0,0.0,0.0,0.0,0.0,0.0,1
0.0,0.0,0.0,0.0,0.34,0.68,0.0,1
0.0,0.0,0.0,1.0,0.0,0.0,0.0,1
0.0,1.04,1.04,0.0,0.0,0.0,0.0,1
0.96,0.0,0.24,0.51,0.96,0.24,0.48,2
0.0,0.0,1.74,0.64,0.0,0.0,0.0,1
1.0,2.0,0.0,0.0,0.0,0.0,0.0,1
0.0,0.0,0.58,0.83,1.74,2.22,1.16,1
0.0,0.0,0.0,0.0,0.0,0.0,0.49,2
0.0,0.0,0.0,0.0,1.46,14.1,1.19,1
0.0,0.0,1.0,0.0,0.0,2.47,0.0,1
0.0,3.02,0.98,1.89,0.0,1.36,2.7,1
0.0,0.0,0.0,1.7,5.32,0.0,0.0,1
0.0,0.0,0.0,0.0,0.0,0.0,1.2,1
3.0,0.0,0.0,0.0,0.0,0.0,7.7,1
0.0,0.0,0.0,0.0,0.7,0.0,0.0,1
0.0,0.0,0.0,0.0,0.0,0.0,0.0,13
0.68,0.0,0.0,0.0,0.0,0.0,0.0,1
3.0,0.0,0.0,0.0,0.0,0.0,0.0,1
0.0,0.0,0.0,0.0,0.0,0.0,1.21,1
1.4,0.7,1.0,3.0,3.8,1.4,0.7,1
0.0,0.0,0.0,0.12,0.0,0.0,0.0,1
0.0,0.0,0.0,0.0,0.0,0.41,0.0,1
0.0,0.0,0.0,0.0,0.0,0.0,0.0,1
3.0,0.0,0.0,0.0,0.7,0.0,0.0,1
0.0,0.03,0.06,0.37,0.06,0.0,0.98,1
0.0,0.0,0.38,0.0,0.0,0.0,0.0,1
0.0,0.0,0.0,0.0,0.0,0.17,0.0,1
4.43,0.0,0.0,0.0,0.0,0.0,0.0,1
0.0,0.7,0.0,0.0,0.0,0.0,0.0,1
2.98,0.0,0.0,0.0,0.0,0.0,0.0,1
0.0,0.0,0.0,0.0,0.0,0.68,0.0,1
1.0,1.0,0.0,0.0,1.0,0.0,0.0,1
0.12,0.0,0.0,0.06,0.52,0.0,0.0,1
9.32,2.69,6.57,5.72,12.57,0.0,0.0,1
0.06,0.24,0.06,0.23,0.0,0.0,0.0,1
1.49,0.0,0.0,0.0,0.0,0.0,0.0,1
6.5,7.0,5.1,16.4,6.0,9.4,10.98,1
1.0,0.0,0.0,0.0,0.0,0.0,0.0,1
0.0,0.0,0.0,0.0,0.0,0.0,0.0,1
0.0,0.0,0.0,0.0,0.0,4.9,0.0,1
0.0,0.0,0.0,0.0,0.0,0.49,0.0,1
0.83,0.24,0.24,0.49,0.66,0.58,0.0,1
0.0,0.7,0.0,0.0,0.0,0.0,0.0,1
0.0,0.17,1.36,0.0,0.0,0.73,0.0,1
0.0,6.51,3.74,5.05,3.41,1.98,0.0,1
2.1,0.0,0.0,6.0,0.0,0.0,0.0,1
0.0,0.0,0.0,0.0,0.0,0.0,0.0,2
0.0,0.0,0.0,0.0,0.0,0.0,0.0,1
0.0,0.0,0.0,0.0,0.0,0.0,0.0,1
0.0,0.0,0.0,0.0,0.0,0.0,1.0,2
0.0,0.0,0.0,0.0,0.0,0.0,0.0,1
0.0,0.0,1.47,0.0,0.06,0.06,0.0,1
0.0,1.0,0.0,0.17,0.0,5.84,0.12,1
0.0,0.0,0.0,0.0,0.0,0.0,0.0,1
0.0,0.0,0.0,0.0,2.68,0.0,0.0,1
0.65,0.0,0.29,0.34,0.12,4.63,0.41,1
0.0,0.0,0.34,1.49,0.34,2.51,0.68,1
0.7,0.0,0.0,0.0,0.0,0.24,1.32,1
0.94,0.0,6.3,0.0,0.0,3.43,0.0,1
0.0,0.0,0.0,0.0,0.0,0.0,0.0,2
0.0,0.0,0.0,0.0,0.0,0.24,0.0,1
0.0,0.0,0.0,0.0,0.25,0.36,0.0,1
0.0,0.0,0.0,0.08,0.0,0.0,0.0,1
0.0,0.0,0.0,0.0,0.0,0.0,0.0,1
0.0,0.0,0.0,0.0,0.0,0.0,0.0,98
0.0,0.0,0.0,0.0,0.0,0.0,0.0,40
0.0,2.0,0.0,0.0,0.0,0.0,0.0,2
1.73,0.0,10.45,0.0,0.0,6.13,0.0,1
0.0,0.0,0.98,0.0,0.0,0.0,0.0,1
0.0,2.98,5.17,8.83,1.4,7.18,3.92,1
0.7,0.0,0.0,0.0,0.0,0.0,0.0,1
0.0,0.0,0.0,0.0,0.0,0.34,0.0,1
0.0,0.0,0.0,0.0,0.0,0.0,1.04,1
0.0,0.7,0.0,0.49,0.0,0.0,0.0,2
0.0,0.0,0.0,0.0,0.0,0.49,3.15,1
2.0,0.0,0.0,0.0,0.0,0.0,0.0,1
0.0,0.0,0.0,0.0,0.83,0.0,0.0,1
0.0,0.0,0.0,7.0,0.0,0.0,0.0,1
0.0,0.0,0.0,0.0,0.0,0.0,3.0,1
0.0,0.0,0.0,0.34,0.0,0.0,0.0,1
0.49,0.0,0.0,3.0,0.52,3.68,1.81,1
0.0,0.0,1.12,0.0,0.0,0.0,0.0,1
0.0,0.0,0.0,0.0,0.0,2.24,0.0,1
1.0,2.32,1.7,0.0,8.45,1.74,0.0,1
0.0,0.0,1.0,0.0,0.0,1.0,0.0,1
0.0,0.0,0.0,0.0,0.0,0.0,6.0,1
3.08,1.55,2.61,7.43,5.08,1.66,7.06,1
0.24,0.0,0.0,0.0,0.0,0.0,0.0,1
1.0,1.22,0.0,0.7,0.49,0.0,0.46,1
0.0,0.0,1.0,0.0,0.0,0.0,0.0,1
0.0,0.0,0.0,0.0,0.0,0.0,0.0,2
0.0,0.0,0.0,0.0,0.0,0.0,2.0,1
0.0,0.0,0.0,0.0,0.0,0.17,0.0,1
0.0,0.0,0.0,0.0,0.0,0.0,0.0,2
0.0,0.0,0.0,0.0,0.0,0.0,0.0,1
0.0,2.98,0.0,0.0,0.0,0.0,0.0,1
0.0,0.0,0.0,0.0,0.0,0.0,0.0,1
0.0,0.0,0.0,0.0,0.0,0.0,0.0,1
0.34,0.76,0.0,0.0,0.82,4.97,0.7,1
0.0,0.0,0.0,0.0,0.0,3.36,0.0,1
0.0,0.0,0.0,0.0,0.0,6.09,0.0,1
0.0,0.0,0.0,0.0,0.0,0.0,0.49,1
0.0,0.0,0.12,0.0,0.0,0.17,0.0,1
0.0,0.0,0.0,0.0,0.0,0.0,2.1,1
0.0,0.14,0.0,0.0,0.06,0.04,0.0,1
0.0,0.0,1.0,0.0,0.0,2.8,0.0,1
0.0,0.0,0.42,0.0,0.0,0.0,0.0,1
0.0,0.0,0.0,0.0,0.0,0.0,0.0,1
0.0,0.0,0.0,0.0,0.0,0.0,0.0,1
0.0,0.0,0.0,1.0,0.0,0.0,0.0,1
0.0,0.0,0.0,0.0,0.0,0.0,1.49,2
0.0,0.0,0.0,0.0,0.0,0.0,0.0,8
1.59,0.48,0.48,0.53,0.0,0.68,0.0,1
1.4,0.7,0.0,2.0,4.68,0.0,2.0,1
0.0,0.0,0.0,0.0,0.0,1.6,0.0,1
0.0,0.0,0.0,0.0,0.24,0.0,0.0,2
1.47,0.0,0.7,1.4,2.19,2.4,1.0,1
0.1,0.0,0.0,0.08,0.0,0.0,0.1,1
0.34,0.34,0.24,0.0,0.0,1.47,0.0,1
0.0,0.0,0.0,0.0,0.17,0.0,0.0,1
0.0,0.0,0.0,0.0,0.0,0.17,3.7,1
0.0,0.0,0.0,0.12,0.0,0.0,0.0,1
0.0,0.0,0.0,0.0,0.0,0.0,0.49,1
7.2,6.37,3.63,7.76,3.2,9.92,3.77,1
1.31,3.54,2.58,0.0,1.76,3.45,1.3,1
0.0,0.0,0.34,0.34,0.0,0.0,0.49,1
0.0,0.0,0.0,0.0,1.0,0.0,0.0,1
0.0,0.0,0.0,0.0,0.68,0.0,0.0,1
0.0,0.0,0.0,0.0,0.0,0.0,0.0,1
0.0,0.0,0.0,0.0,2.98,0.0,0.0,1
0.49,0.9,0.23,1.38,0.32,1.34,11.23,1
0.0,0.0,0.0,0.0,2.04,0.0,0.0,1
11.83,3.28,0.0,2.82,6.3,0.0,0.0,1
0.0,0.0,0.0,0.0,0.0,0.0,0.0,1
0.0,0.0,0.0,0.0,0.0,0.17,0.17,1
2.7,1.0,0.0,0.0,0.0,0.0,0.7,1
0.06,0.55,0.14,0.0,0.16,0.88,0.12,1
1.36,0.0,0.0,0.0,0.0,0.0,0.0,2
0.0,0.48,0.0,0.0,0.98,0.0,0.0,1
0.0,0.0,0.0,0.0,0.0,0.0,0.0,5
0.0,0.0,0.0,0.0,7.26,2.08,0.8,1
0.08,0.0,0.0,0.0,0.08,0.06,0.0,3
0.0,0.0,0.0,0.0,0.0,0.0,5.28,1
0.0,0.4,0.2,0.25,0.25,0.25,0.0,1
0.0,0.68,0.0,0.0,0.48,0.34,1.36,1
2.38,1.51,3.28,2.02,1.74,0.7,1.18,1
0.0,0.72,0.0,0.0,0.0,2.81,6.2,1
0.0,0.0,0.0,0.0,0.0,0.0,2.45,1
0.0,0.0,0.0,0.0,0.0,7.11,3.5,2
0.0,0.0,0.0,0.0,0.0,0.0,0.0,1
0.0,0.0,0.0,0.49,0.0,10.9,0.0,1
0.0,0.0,0.0,0.0,0.0,0.0,10.0,1
0.0,0.0,0.0,0.0,0.12,0.0,0.0,1
0.0,0.0,0.0,0.12,0.72,1.92,0.48,1
0.0,0.0,0.0,0.0,0.0,1.06,2.0,1
0.0,0.0,0.0,0.0,0.0,0.49,0.7,1
0.0,0.0,0.0,0.0,0.0,0.17,0.48,1
0.12,1.06,0.82,2.48,0.18,0.0,0.0,1
0.0,0.0,0.0,0.0,0.0,0.0,0.0,19
0.0,0.0,0.0,0.0,0.0,0.0,2.0,1
0.0,0.0,0.0,0.0,0.0,0.0,0.0,2
3.66,0.0,0.0,0.0,0.0,5.0,2.0,1
0.0,0.0,0.0,0.0,0.0,0.0,0.0,1
0.36,2.96,0.34,0.7,0.24,0.0,0.17,1
0.0,0.0,0.0,0.0,0.0,0.0,0.0,1
0.7,0.0,0.0,0.0,0.0,0.0,0.24,1
0.0,0.0,0.0,0.0,0.0,0.0,0.0,1
1.96,2.02,3.04,1.0,0.68,0.0,0.49,1
0.0,0.69,0.0,0.0,0.0,0.0,1.0,1
0.0,0.0,0.0,0.0,0.08,0.0,0.12,1
0.0,0.0,0.0,0.0,0.0,0.48,0.0,1
0.0,0.0,0.0,0.0,0.0,0.0,0.41,1
0.12,0.17,1.0,0.0,0.0,2.27,0.24,1
0.0,0.0,0.0,0.0,0.0,0.06,0.04,1
0.68,0.98,0.49,0.49,0.34,3.29,0.0,1
0.0,0.0,0.0,1.0,0.0,0.0,0.0,1
0.0,0.0,0.06,0.57,0.0,0.0,0.0,2
0.78,0.0,0.0,1.69,1.41,1.0,1.0,1
0.0,0.0,0.0,0.0,0.0,0.0,1.08,1
1.98,1.4,1.19,0.98,0.0,0.0,0.7,1
0.0,0.0,0.0,0.0,0.0,0.0,0.0,1
0.08,0.08,0.98,0.12,0.0,0.06,0.49,1
0.08,0.0,0.0,0.0,0.0,0.0,0.0,1
0.0,0.0,0.0,0.0,0.0,0.7,0.0,1
0.0,0.0,0.0,0.0,0.0,0.0,0.0,3
1.0,0.0,0.0,0.0,0.0,7.64,2.57,1
0.0,0.0,0.0,1.88,0.0,0.0,0.94,1
0.0,0.0,0.0,0.0,0.0,0.0,0.0,1
0.0,0.0,0.0,0.0,0.36,0.0,0.0,1
0.0,0.0,0.0,0.0,0.0,0.17,0.0,2
0.46,0.46,0.0,0.0,0.0,0.0,0.0,1
0.0,0.0,0.0,0.0,0.0,0.24,0.0,2
0.0,0.0,0.0,0.0,0.0,0.0,0.0,1
0.0,0.0,0.0,1.0,0.12,0.0,0.0,3
0.0,0.0,2.0,0.0,0.0,1.0,0.7,1
0.0,0.0,0.0,0.0,0.0,0.0,0.0,1
0.0,0.0,0.34,0.34,0.0,0.0,0.0,1
0.0,0.0,0.0,0.14,0.0,0.0,0.0,1
0.0,0.0,0.0,0.72,0.08,0.0,0.12,1
0.0,1.72,0.0,0.0,2.8,17.28,3.43,1
0.0,0.12,0.0,0.0,0.12,0.0,0.0,1
0.0,0.0,0.0,0.0,0.0,0.0,0.17,1
0.24,2.48,0.0,0.0,0.0,0.0,0.0,1
4.17,4.7,5.1,4.51,4.4,0.0,3.07,1
0.0,0.0,0.0,0.0,0.0,0.0,0.0,1
1.0,0.0,0.0,0.0,0.49,1.0,0.0,1
0.0,0.0,1.88,0.0,0.0,0.0,0.0,1
0.0,0.0,0.0,0.0,0.0,1.0,0.0,2
0.0,2.1,0.0,0.0,0.68,0.0,0.0,1
0.0,0.0,0.0,0.49,0.98,3.12,0.0,1
0.0,0.0,0.04,0.0,0.34,1.47,0.98,1
0.0,0.0,0.0,0.0,0.0,0.0,0.0,1
0.0,0.0,0.0,0.0,0.0,0.0,4.0,2
0.0,0.34,0.12,0.12,0.0,0.0,0.12,1
0.21,0.0,0.0,0.0,0.29,0.0,0.0,2
0.0,0.0,0.0,0.0,0.0,0.0,3.0,1
0.99,2.82,0.0,2.68,0.0,2.82,0.99,1
0.72,0.0,0.0,0.0,0.34,0.65,0.89,1
0.85,0.0,0.0,0.0,0.8,1.47,0.34,2
4.02,1.0,1.51,0.74,0.0,0.0,1.51,1
4.0,0.29,0.0,0.0,4.74,1.67,0.48,1
0.0,0.0,0.0,0.0,0.0,0.0,0.0,2
0.7,0.0,0.0,0.0,0.0,0.0,4.9,1
0.0,0.0,0.0,0.0,0.34,0.17,0.0,1
0.0,0.0,0.0,0.0,0.0,0.0,0.0,10
0.49,0.0,0.0,0.0,0.89,0.48,1.66,2
0.0,0.0,0.0,0.0,0.12,0.0,0.0,3
3.4,0.49,0.0,0.42,1.53,3.0,1.4,1
0.0,0.0,0.0,0.0,0.0,0.0,0.0,1
0.49,0.0,0.49,0.06,0.0,0.0,0.0,2
2.45,0.0,1.6,1.88,5.36,1.34,1.58,1
0.0,0.0,0.0,0.0,0.0,0.0,0.0,3
0.0,0.76,0.37,0.0,0.0,3.18,0.0,1
1.0,0.0,0.0,0.0,3.0,1.0,0.0,1
0.98,0.0,0.0,0.0,3.12,0.0,1.25,1
0.0,0.0,0.0,0.12,0.0,0.0,1.02,1
0.0,0.0,0.0,0.0,8.41,8.31,4.62,1
1.0,0.0,0.0,1.0,0.0,0.0,0.0,1
0.24,0.25,3.17,0.99,0.94,0.46,0.48,1
0.0,0.0,0.0,0.0,0.0,0.0,0.0,1
0.24,1.02,0.0,0.0,0.48,1.06,0.41,1
0.0,0.0,0.0,0.0,0.0,0.0,0.0,1
10.31,0.0,0.0,0.0,9.08,0.0,0.0,1
0.0,0.0,0.0,0.0,0.0,0.0,0.0,3
0.0,2.17,0.0,0.0,0.0,0.0,0.0,2
0.0,0.0,0.0,0.0,0.0,0.48,0.0,1
1.0,0.0,0.0,0.0,4.0,0.0,1.7,1
0.83,0.0,0.24,0.49,0.0,0.68,0.0,1
0.0,0.0,0.0,1.0,1.0,0.0,0.0,2
0.0,0.0,0.0,0.0,4.0,0.0,0.0,2
1.02,0.0,0.0,0.0,0.98,0.0,0.0,1
0.0,0.0,0.12,0.0,0.12,0.0,0.0,1
0.34,0.82,0.48,0.0,0.84,0.34,0.0,1
0.0,0.0,0.0,0.0,0.0,0.0,0.0,3
13.53,4.88,2.44,4.38,4.4,6.91,15.37,1
0.0,0.0,0.0,0.0,1.64,0.52,0.0,1
0.0,0.06,0.0,0.12,0.0,0.0,0.0,1
0.12,0.0,0.0,0.0,0.0,1.52,0.08,1
9.06,0.0,0.12,2.1,2.88,0.0,0.17,1
0.0,0.0,0.0,0.0,0.0,2.45,0.98,1
0.0,0.0,0.0,0.0,0.0,0.0,0.0,1
1.0,0.0,0.49,0.0,0.0,0.0,2.1,1
0.0,0.0,0.0,0.0,0.0,0.0,0.0,1
0.17,0.7,1.64,0.25,1.0,2.1,0.0,1
0.0,1.0,0.72,1.3,0.85,0.12,0.17,1
0.0,0.0,0.0,0.0,0.7,0.0,1.0,1
0.0,0.0,0.0,0.68,2.45,1.89,0.0,1
0.0,0.0,0.0,0.0,0.0,0.7,0.16,1
1.7,0.0,1.0,2.0,0.49,2.45,0.7,1
0.7,0.12,0.0,0.17,0.12,3.0,3.0,1
0.0,0.0,0.0,0.0,1.0,0.49,0.0,1
0.0,0.34,0.49,0.0,0.0,0.49,0.0,1
2.19,0.61,2.44,0.0,2.55,3.66,0.0,1
0.0,0.0,0.0,1.0,0.7,0.0,0.0,1
0.0,0.0,0.0,0.0,0.0,0.0,0.98,1
0.0,0.0,2.7,0.0,2.8,0.7,5.0,1
0.0,1.89,0.0,0.0,0.0,0.7,0.0,1
0.0,0.0,0.0,0.0,0.0,0.0,0.0,1
0.0,0.0,0.0,0.0,1.7,0.0,0.0,1
0.0,0.0,0.53,0.0,0.0,0.72,0.68,1
0.0,0.0,0.0,0.0,0.0,0.0,0.0,1
0.0,0.0,0.0,0.0,0.0,0.0,0.49,1
0.0,0.0,0.0,1.0,0.0,0.0,0.0,1
0.0,0.06,0.0,0.0,0.0,0.0,0.04,1
0.0,0.0,0.0,0.0,0.68,0.34,0.0,1
0.0,0.0,0.0,0.0,0.0,4.0,0.0,1
0.0,0.0,0.0,0.0,0.0,0.0,0.76,1
0.0,3.4,0.0,0.0,0.0,0.0,0.0,1
2.0,0.0,0.0,0.0,3.0,0.0,0.0,1
0.0,0.0,0.0,0.0,0.0,0.0,0.0,1
3.5,1.4,1.49,3.4,5.29,0.98,0.49,1
0.0,0.0,0.24,0.49,0.0,0.0,0.0,1
0.0,0.0,0.0,0.0,0.0,0.78,1.19,1
0.0,3.57,0.0,0.0,0.0,0.0,0.0,1
0.0,0.0,0.0,0.0,0.0,0.0,0.0,1
0.0,0.0,0.0,0.0,5.7,2.0,0.0,1
0.0,0.0,0.0,0.0,0.0,0.0,0.0,1
0.0,0.21,0.0,0.0,0.0,0.0,0.0,1
1.34,0.0,0.0,0.0,0.0,0.0,0.0,1
0.0,0.0,0.0,0.34,0.0,0.0,1.22,1
0.24,0.0,0.0,0.0,0.17,0.68,0.0,1
0.7,2.87,2.17,1.32,2.08,1.0,0.0,1
0.0,0.0,0.0,0.0,0.49,0.08,1.97,1
2.02,1.66,0.0,0.0,0.0,2.53,7.02,1
0.96,0.68,2.69,2.41,1.75,2.12,2.56,1
0.0,1.49,0.0,1.0,0.0,0.0,0.49,1
0.0,0.0,0.98,0.0,0.0,0.0,0.0,1
0.36,7.56,0.0,0.16,0.0,0.0,3.06,1
0.0,0.0,0.0,0.0,1.65,2.24,0.0,1
1.53,0.34,1.7,0.0,0.7,3.36,5.47,1
3.4,0.0,0.0,0.0,3.4,14.28,0.0,1
0.0,0.0,0.0,0.0,0.0,0.0,0.0,1
0.0,3.94,0.0,0.0,0.0,0.0,0.0,1
0.0,3.0,0.0,0.0,0.0,0.0,0.0,1
0.0,0.0,1.96,0.0,0.0,0.0,0.0,1
0.0,0.0,0.0,0.0,0.0,0.0,0.0,1
0.04,0.78,1.25,0.08,1.47,5.88,0.04,1
0.0,0.0,0.0,0.0,1.47,0.0,0.0,1
1.36,0.34,0.0,1.19,0.48,1.3,0.34,1
0.0,0.0,0.0,0.0,0.0,0.0,0.0,4
0.12,0.7,0.0,0.49,0.0,0.29,0.7,1
0.0,0.0,0.0,0.0,0.0,0.0,0.0,1
0.17,0.0,0.0,0.0,0.0,0.0,0.0,1
0.0,0.0,0.0,0.0,6.0,0.0,2.45,1
0.14,0.37,0.0,0.46,0.34,3.24,0.0,1
0.0,0.0,0.0,0.0,0.0,0.0,0.0,1
0.0,0.0,0.0,0.0,0.0,0.0,0.17,1
0.0,0.0,0.34,0.24,0.12,0.0,1.02,1
0.0,0.0,0.0,0.0,13.26,2.58,0.0,1
0.0,0.0,0.0,0.0,0.08,0.0,0.0,1
1.06,1.06,0.0,0.0,0.08,0.16,0.24,1
0.24,0.0,0.0,0.0,0.0,0.0,0.0,1
0.0,0.0,0.0,0.0,0.0,1.4,0.0,1
0.48,0.0,0.0,0.36,0.0,0.0,0.0,2
0.0,1.96,2.1,0.34,0.0,0.34,0.61,1
0.0,0.0,0.49,0.0,0.0,0.0,0.0,1
0.0,0.0,0.0,0.0,0.0,0.0,0.24,2
3.41,0.0,0.0,0.34,0.24,1.36,2.15,1
0.0,0.0,0.06,0.0,0.08,0.0,0.06,1
1.4,4.44,1.0,5.89,1.76,3.08,1.0,1
0.0,0.0,0.0,0.0,0.0,0.0,0.0,1
0.0,0.0,0.0,0.0,0.0,3.0,0.0,1
0.0,0.0,0.0,0.0,0.0,0.0,0.34,1
2.64,7.0,0.0,0.0,2.48,0.0,0.34,1
0.0,0.0,0.0,0.0,0.0,0.0,1.02,1
1.0,0.0,0.0,1.0,0.7,7.2,0.0,1
0.08,0.74,0.68,0.24,0.0,1.52,1.4,1
0.0,0.24,0.0,0.0,0.0,0.0,0.0,1
0.34,0.0,0.0,0.0,0.0,0.0,0.0,1
0.0,0.0,0.0,0.0,0.03,0.0,0.0,1
0.0,1.27,1.27,2.54,0.0,0.0,0.0,1
0.0,0.0,0.0,0.0,0.0,0.0,0.0,8
0.98,6.78,0.68,0.0,3.88,6.97,0.0,1
4.08,0.0,0.0,0.0,0.0,2.38,9.15,1
0.0,0.0,0.0,0.0,0.0,0.12,0.0,2
0.0,0.0,0.0,0.0,0.0,0.0,0.0,2
0.0,0.0,0.0,0.0,2.39,0.0,0.0,1
1.4,0.0,0.0,0.0,0.0,4.41,6.02,1
0.0,0.0,0.0,0.0,0.0,0.51,0.24,1
0.0,0.0,0.0,0.0,0.0,0.17,0.0,1
0.0,0.0,0.7,0.0,0.0,0.0,0.0,1
0.0,0.0,2.0,0.0,0.0,9.68,15.32,1
0.0,4.0,2.0,0.0,0.0,0.0,3.0,1
0.0,0.0,0.0,0.0,0.0,0.0,2.45,1
0.0,0.0,0.0,0.0,0.0,0.0,0.0,1
0.0,2.49,0.0,0.0,1.0,1.98,2.0,1
0.38,0.0,0.14,0.0,0.0,1.47,1.3,1
0.0,0.0,0.0,0.24,0.0,0.0,0.0,1
0.0,0.0,0.0,0.0,0.08,0.24,0.0,1
2.0,1.0,0.0,1.0,0.0,0.0,0.0,1
0.0,0.0,0.0,0.0,0.0,2.38,0.0,2
0.49,0.0,0.0,0.34,0.0,0.0,0.48,2
0.0,0.0,0.0,0.0,0.0,0.0,0.0,5
0.0,0.0,0.0,0.0,0.0,0.0,0.0,1
0.0,0.0,0.0,0.0,1.0,2.43,12.34,1
0.0,0.0,0.0,0.0,0.0,0.0,0.0,3
0.82,1.56,4.45,0.0,0.99,1.09,0.72,1
0.94,2.92,0.0,1.36,0.48,0.0,0.0,1
0.17,0.0,0.0,0.0,0.0,0.0,0.34,1
0.2,0.29,0.0,0.0,0.0,0.0,0.48,1
0.0,0.0,0.0,0.0,0.7,0.0,0.0,1
2.57,0.7,0.49,2.94,5.47,1.4,0.0,1
0.0,0.0,0.0,0.0,0.0,0.51,0.18,1
2.2,1.96,0.0,0.0,1.47,1.96,0.0,1
0.0,0.0,0.0,0.0,0.0,0.0,0.34,1
0.0,0.98,0.49,0.0,0.0,2.45,1.02,1
0.49,0.0,0.0,0.0,0.0,0.0,0.0,1
0.0,2.64,1.32,1.32,2.72,0.0,0.0,1
0.0,0.0,1.47,2.8,2.1,0.0,0.0,1
0.72,0.04,0.0,0.08,0.0,0.34,0.34,1
0.0,0.0,0.7,0.0,0.3,0.0,0.08,1
0.0,0.0,0.0,0.0,0.04,0.0,0.0,2
0.0,0.0,0.0,0.0,0.0,0.0,1.0,2
0.0,0.0,0.0,0.0,0.0,0.17,0.0,1
0.0,0.68,3.92,0.0,1.96,5.44,0.98,1
0.0,3.57,0.0,0.0,1.82,0.83,0.0,1
0.0,0.0,0.0,0.0,0.0,0.0,1.4,1
1.0,1.41,0.58,0.34,0.0,0.0,0.58,1
0.8,0.92,2.49,0.49,0.4,0.0,0.0,1
0.0,0.0,1.7,0.0,0.0,1.32,1.02,1
1.0,0.0,0.0,0.0,1.4,0.0,0.0,1
0.0,0.0,0.0,0.0,0.0,1.49,0.0,1
0.94,2.08,0.0,0.0,0.94,0.0,0.0,1
1.0,0.0,0.0,0.0,0.0,0.0,0.7,1
0.0,0.0,0.0,0.0,0.0,0.08,0.04,1
0.04,0.0,0.0,0.0,0.04,0.14,0.12,1
0.0,0.0,0.04,0.0,0.33,0.18,1.14,1
0.12,1.12,0.08,0.34,7.1,0.97,16.58,1
0.0,0.0,0.0,0.0,0.0,0.0,0.58,1
0.0,0.0,0.0,0.0,0.0,1.0,1.12,1
0.0,0.0,0.0,0.0,0.49,0.0,3.6,1
0.24,1.71,1.47,0.0,1.33,4.0,0.12,1
0.0,0.0,0.7,0.0,0.0,0.0,1.7,1
5.1,1.44,1.08,1.52,2.34,0.0,1.33,1
0.0,0.0,0.0,0.0,0.0,0.0,0.0,1
0.29,0.49,0.0,3.08,0.0,0.0,2.0,2
3.08,0.0,0.49,0.0,0.96,4.6,2.08,2
0.0,0.0,0.0,0.0,0.0,12.34,0.72,2
0.0,0.0,0.0,0.0,0.0,0.0,0.05,1
0.0,0.0,0.0,0.0,1.17,1.32,0.49,1
0.0,0.0,0.0,0.0,0.0,0.12,0.0,1
2.12,0.0,1.89,0.08,1.3,2.4,1.06,1
4.38,0.0,0.0,0.0,2.51,0.0,0.0,1
0.0,0.0,0.0,0.0,0.0,6.2,7.68,1
0.0,0.0,0.0,0.0,0.0,0.58,0.0,1
0.0,0.24,0.0,1.66,0.34,1.47,0.0,1
0.0,0.0,0.0,0.0,0.0,0.0,0.0,2
0.0,0.0,0.0,1.0,1.0,0.0,0.0,1
0.0,0.0,0.0,0.0,0.0,0.0,0.0,1
0.0,0.0,0.0,0.0,0.0,3.21,2.86,1
0.0,0.0,0.0,0.0,0.49,0.7,0.0,1
0.44,0.0,0.44,0.0,0.0,0.34,0.0,1
0.0,0.0,0.0,8.0,4.0,2.0,0.0,1
0.0,0.0,0.0,0.0,0.0,0.0,0.0,1
0.0,0.0,0.17,0.0,0.0,0.34,0.0,1
0.0,0.0,0.0,0.0,0.0,0.0,0.34,1
0.0,0.0,0.0,0.12,0.0,0.12,0.08,1
0.82,0.0,3.03,0.0,1.39,6.79,4.92,1
0.0,1.0,2.0,3.0,9.39,3.78,5.8,1
0.0,0.0,0.0,0.0,0.0,0.0,0.0,1
2.0,0.0,0.0,0.0,0.0,6.0,0.0,1
3.62,0.0,2.68,0.49,6.47,3.83,2.17,1
0.0,0.0,0.0,0.0,0.12,0.0,0.0,1
0.0,0.0,0.0,0.7,0.0,0.0,0.0,1
4.8,2.4,0.0,1.4,0.0,0.0,0.0,1
0.0,0.0,0.0,0.0,0.0,0.0,0.17,1
