DIGITAL_HX,DIGITAL_TREMOR,TOTAL_CONV
1.39,0.0,16
0.0,0.0,1
0.0,0.0,1
0.0,0.0,1
0.0,0.0,1
0.0,0.0,1
0.0,0.0,1
0.0,0.0,1
1.26,0.0,2
0.0,0.0,2
0.0,0.0,1
0.0,0.0,1
0.0,0.0,1
0.0,0.0,1
0.0,0.0,1
0.0,0.0,1
0.0,0.0,1
0.0,0.0,1
0.0,0.0,1
0.0,0.0,1
0.0,0.0,1
0.0,0.0,1
0.0,0.0,1
0.36,0.0,13
0.0,0.0,1
0.0,0.0,1
0.0,0.0,1
0.0,0.12,8
0.0,0.0,1
0.0,0.0,1
7.18,0.0,1
0.0,1.0,1
0.0,0.0,1
0.0,0.0,1
0.0,0.0,1
0.0,0.0,1
0.0,0.0,1
0.0,2.88,2
0.0,0.0,1
0.0,10.0,5
0.18,0.0,85
0.0,0.0,1
0.0,0.0,1
0.0,0.0,1
0.0,0.0,1
0.0,0.0,1
0.0,0.0,1
0.0,0.0,1
0.0,0.0,1
0.0,0.0,1
0.0,0.0,1
0.0,0.0,1
0.0,0.0,1
4.36,2.0,1
1.0,0.0,1
0.0,0.33,3
0.0,0.0,1
0.0,0.0,1
0.0,0.0,1
5.2,0.0,1
0.0,0.0,1
1.03,0.0,1
0.0,0.0,1
0.0,0.0,1
0.0,0.0,1
0.0,0.0,1
0.0,0.0,1
0.0,0.0,1
0.0,0.0,1
0.0,0.0,1
0.0,0.0,1
0.0,0.0,1
0.0,0.0,1
0.0,0.0,1
0.0,0.0,1
0.0,0.0,1
0.0,0.0,1
0.0,0.0,1
0.0,0.0,1
0.0,6.0,4
0.0,0.0,1
0.0,0.0,2
0.51,0.0,3
0.0,0.0,1
0.0,0.0,1
0.0,0.0,1
0.0,0.0,1
2.2,0.0,1
5.56,0.0,1
0.0,0.0,1
1.4,0.0,3
0.0,0.0,1
0.0,0.0,1
0.0,11.66,1
0.0,0.0,1
0.0,0.0,1
0.0,0.0,1
0.0,0.0,1
0.0,0.0,1
0.0,0.0,1
0.0,0.11,1
0.0,0.0,1
0.0,0.0,1
0.0,0.0,1
0.0,0.0,1
0.0,0.0,1
0.0,0.0,1
0.0,0.0,1
1.03,0.63,1
0.0,0.0,1
0.0,0.0,1
0.0,0.0,1
0.0,0.0,1
0.0,0.0,1
0.0,0.0,1
0.0,0.0,1
0.0,0.0,1
0.55,0.0,1
0.0,0.0,1
0.0,0.0,1
1.38,0.0,3
0.0,0.0,1
0.0,0.0,2
0.0,3.93,1
0.0,0.0,1
0.0,0.0,2
0.0,0.0,3
0.0,0.0,1
0.0,0.0,1
0.0,0.0,1
0.0,0.0,2
0.0,0.0,1
0.0,0.0,1
0.0,0.0,2
0.0,0.0,1
0.0,0.0,1
0.0,0.0,1
0.0,0.0,1
0.0,0.0,1
0.0,0.0,1
0.0,0.0,1
0.0,0.0,1
0.0,0.0,2
0.0,0.0,1
0.0,0.0,1
0.0,0.0,1
0.0,0.0,1
0.0,0.0,1
0.0,0.0,1
0.0,0.0,1
0.0,0.0,1
0.0,0.0,1
0.0,0.0,1
7.0,0.0,2
0.3,1.0,3
0.0,0.0,1
0.0,0.0,1
0.0,0.0,1
0.64,0.0,1
0.0,0.0,1
0.0,0.0,1
0.0,0.0,1
0.0,0.0,1
0.0,0.0,1
0.0,0.0,1
0.0,0.0,1
0.0,0.0,1
0.0,0.0,1
3.18,0.0,2
0.0,0.0,1
0.0,0.0,1
0.0,0.0,1
0.0,0.0,1
0.0,0.0,1
2.03,0.0,2
0.0,0.0,1
0.0,0.0,1
0.0,0.0,1
0.0,0.0,2
0.0,0.0,1
0.0,0.0,1
0.0,0.0,1
0.0,0.0,1
0.09,5.37,1
0.0,0.0,1
0.0,0.0,1
0.0,0.0,2
0.0,0.0,1
0.0,0.0,1
0.0,0.0,1
0.0,0.0,1
0.0,0.0,1
0.0,0.0,1
0.0,0.0,2
0.0,0.0,1
0.0,0.0,1
0.0,0.0,1
0.0,0.0,1
0.0,0.0,1
0.0,0.0,1
0.0,0.0,2
0.0,0.0,1
0.0,0.0,1
0.0,0.16,1
0.0,0.0,1
0.0,0.0,1
0.0,0.0,1
0.0,0.0,1
0.0,0.0,1
0.0,0.0,1
0.0,0.0,1
0.0,0.0,1
0.0,0.0,1
1.89,0.0,3
2.9,0.0,4
2.12,0.0,3
1.47,0.0,1
5.48,0.0,1
0.0,0.0,1
0.62,0.0,3
0.0,0.0,1
0.0,0.0,1
0.0,0.0,1
0.0,0.0,1
0.0,0.0,1
0.0,0.0,1
0.0,7.0,1
1.36,0.0,1
0.0,0.0,1
1.51,0.0,2
0.0,0.0,1
0.0,0.09,57
0.0,0.0,1
0.0,0.0,2
0.0,0.0,1
0.0,0.0,1
0.0,0.0,1
0.0,0.0,1
0.0,0.0,1
0.0,0.0,1
0.0,0.0,1
0.0,0.0,1
0.0,0.0,1
0.0,0.0,1
0.0,0.0,1
0.0,0.0,1
0.0,0.0,1
0.0,0.0,1
0.0,0.0,1
1.86,0.0,1
0.0,2.84,1
0.0,0.0,1
0.0,0.51,1
0.9,0.0,43
0.0,0.0,1
0.0,0.0,1
0.0,0.0,1
0.0,0.0,1
0.0,0.0,1
0.0,0.0,1
0.0,0.0,1
0.0,0.0,1
0.0,0.0,1
0.0,0.0,1
0.0,0.0,1
0.0,0.0,1
0.0,0.0,1
10.15,0.0,1
0.0,44.89,1
0.0,0.0,2
1.03,0.0,17
0.0,0.0,1
0.0,1.48,2
0.0,0.0,1
0.9,0.3,1
0.0,0.0,2
0.0,0.0,2
0.0,0.0,1
0.03,4.0,1
0.0,0.87,1
0.0,0.0,1
0.0,0.0,1
0.0,0.0,1
0.0,0.0,1
0.0,0.0,1
0.0,0.0,1
0.0,0.0,1
0.0,0.0,1
0.0,0.3,94
0.0,0.0,1
0.0,0.0,2
0.0,0.0,1
4.28,88.13,1
0.0,0.0,1
0.0,0.0,1
0.0,0.0,2
0.0,0.0,1
0.0,0.0,2
0.0,0.0,1
0.0,0.0,1
0.0,0.0,1
0.0,0.0,1
0.0,0.0,1
0.0,0.0,1
0.0,0.0,1
0.0,0.0,1
0.0,0.0,1
0.0,0.0,1
0.0,0.0,1
0.0,0.0,1
0.0,0.0,1
0.0,0.0,1
0.0,0.0,1
0.0,0.0,1
0.0,0.0,1
0.0,0.0,1
0.0,0.0,1
2.46,0.0,1
0.0,2.16,1
0.0,0.0,1
0.0,0.0,1
0.0,0.0,2
0.0,0.0,1
0.0,0.0,1
7.63,0.0,1
0.0,0.0,1
0.0,0.0,1
0.0,0.0,1
0.0,0.0,1
0.0,0.0,1
0.0,0.0,1
0.0,0.27,16
0.0,0.0,1
0.0,0.0,1
0.0,0.0,1
0.0,0.0,1
0.12,7.6,1
0.0,0.0,1
0.0,0.0,1
0.0,0.0,1
0.0,10.4,1
1.57,0.0,1
0.0,0.0,1
0.0,0.0,1
0.0,0.0,2
0.0,1.62,1
0.0,0.0,1
0.0,0.0,1
0.0,0.0,1
1.9,0.0,7
0.0,0.0,1
0.0,0.0,1
0.0,0.0,1
0.0,0.0,1
0.0,0.0,1
3.36,0.0,2
0.0,0.0,1
0.0,2.27,1
0.0,0.0,1
0.0,0.0,1
0.0,0.0,1
0.0,0.0,1
0.0,0.0,1
0.0,0.0,1
0.0,0.0,1
0.0,0.0,1
2.5,0.0,2
0.0,0.0,1
0.0,0.0,1
0.0,0.0,1
0.0,0.0,1
0.3,1.2,1
0.0,0.0,1
0.0,0.0,1
0.0,26.93,1
0.0,4.84,1
0.0,0.0,1
0.39,1.0,1
0.0,0.0,1
0.0,0.0,1
0.0,0.0,1
0.0,0.0,1
0.0,0.0,1
0.0,0.0,1
1.0,1.12,1
0.0,0.6,24
0.0,0.0,1
0.4,0.0,3
0.0,0.04,1
2.27,0.0,1
0.0,0.0,1
0.0,0.0,1
0.0,0.0,1
0.0,0.0,1
0.0,0.0,1
2.17,0.0,2
0.0,0.0,1
0.0,0.0,2
0.0,0.0,1
0.0,0.0,1
0.0,0.0,1
0.0,0.0,1
0.0,0.0,1
0.0,0.0,1
0.0,0.0,1
0.0,0.0,1
0.0,0.0,1
0.0,0.0,1
0.0,0.0,1
2.0,1.0,2
0.0,0.18,15
0.75,0.0,3
0.0,0.0,1
0.0,0.0,1
0.0,0.0,1
0.0,0.0,1
0.0,0.0,1
0.0,0.0,2
0.0,0.0,1
0.0,0.0,1
0.0,0.0,1
0.0,7.37,1
0.0,0.0,1
0.0,1.29,1
0.0,0.0,1
0.0,0.0,1
0.0,0.0,1
0.0,0.0,1
0.0,0.0,1
0.0,4.45,1
0.0,0.0,1
0.93,0.0,4
0.0,0.0,1
0.0,0.0,1
0.0,0.0,2
0.66,0.0,5
0.0,13.4,1
0.0,0.0,1
0.3,0.33,1
0.0,0.0,1
0.0,0.0,2
1.56,0.0,2
0.0,0.0,1
0.0,0.0,1
0.0,0.0,1
0.0,0.0,1
0.0,0.0,1
0.0,0.0,1
0.0,0.0,2
0.0,0.0,1
0.0,0.0,1
0.0,0.0,1
0.0,0.0,1
0.0,0.0,1
0.0,0.0,1
0.0,0.0,1
0.0,0.0,1
0.0,0.0,1
0.0,0.0,1
0.0,3.54,1
2.0,0.0,1
0.0,0.0,1
0.0,0.0,1
0.0,0.0,1
0.0,0.0,1
0.0,0.0,1
0.0,6.78,1
0.0,0.0,1
0.0,0.0,1
0.0,0.0,1
0.0,0.0,1
0.0,0.0,1
0.09,13.97,1
0.0,0.0,2
0.0,3.36,1
0.0,0.0,1
0.0,0.0,1
0.0,0.0,1
0.0,0.48,2
0.0,0.0,1
0.0,2.09,1
0.0,0.0,1
0.0,0.0,1
0.0,0.0,1
0.0,0.0,1
0.0,0.0,1
0.0,0.0,1
0.0,0.0,1
0.0,0.0,1
0.0,0.0,1
0.0,0.0,1
0.0,0.0,1
0.0,0.0,1
0.0,0.0,1
0.0,0.0,1
0.0,0.0,2
0.03,1.0,1
0.69,0.0,10
0.0,0.0,2
0.0,0.0,1
0.0,0.0,1
0.0,0.0,1
0.0,0.0,1
4.23,0.0,1
4.6,0.0,1
0.0,0.0,2
0.0,0.0,1
0.04,0.01,1
1.0,0.0,1
0.0,0.0,1
5.1,0.0,1
0.0,0.0,1
1.0,0.0,1
1.44,0.0,1
0.0,0.0,1
0.0,0.0,1
0.0,0.0,1
0.0,0.0,1
0.0,0.0,1
0.0,0.0,1
4.48,0.0,3
0.0,0.0,1
0.0,0.0,2
0.0,3.2,2
0.0,0.0,2
0.0,0.0,1
0.0,0.0,1
0.0,0.0,1
0.0,0.0,1
0.0,0.0,1
0.0,0.0,1
0.0,0.0,1
0.6,1.2,1
0.0,0.0,1
0.0,0.0,1
0.0,0.0,1
0.0,1.18,1
0.0,0.0,1
0.0,0.0,1
0.0,0.0,1
0.0,0.0,1
0.0,0.0,1
0.3,0.0,1
0.0,0.0,1
0.0,0.0,1
0.0,0.0,1
0.0,0.0,1
0.0,0.0,1
0.0,3.18,1
0.0,0.0,1
0.0,0.0,1
0.0,0.0,1
0.0,0.0,1
0.0,0.0,1
0.0,0.0,1
0.0,0.0,1
0.0,0.0,1
0.0,0.0,1
0.0,0.0,1
0.0,0.0,1
0.0,0.0,1
0.0,0.0,1
0.0,0.0,1
2.1,0.0,1
0.0,0.0,2
0.0,0.0,1
0.19,0.0,2
0.0,0.0,3
0.72,0.0,2
0.0,0.0,1
0.0,0.0,2
0.0,0.0,1
0.0,0.0,1
0.0,0.0,1
0.0,0.0,1
0.0,0.0,1
0.0,0.0,1
0.0,0.0,3
0.0,0.0,1
0.0,0.0,1
0.0,0.0,1
0.0,0.0,1
0.0,0.0,1
0.0,0.0,1
0.0,0.0,1
0.0,0.0,1
0.0,2.0,37
0.0,0.0,1
0.0,0.9,11
0.05,0.0,3
0.0,0.0,2
0.0,0.0,2
0.0,0.0,2
2.39,0.0,4
0.0,0.0,1
0.21,0.0,4
0.0,0.0,1
0.0,0.0,2
0.0,0.0,1
0.0,0.0,1
0.06,0.0,1
1.0,0.99,1
0.69,0.3,1
0.0,2.3,2
0.0,0.0,1
0.0,0.0,1
0.0,0.0,1
0.0,0.0,2
0.0,0.0,2
0.0,0.0,1
0.0,0.0,1
0.0,0.0,1
0.0,0.0,1
0.0,0.0,1
0.0,0.0,1
0.0,0.0,1
0.0,0.0,1
0.0,0.0,1
0.0,0.1,1
5.3,0.0,1
1.19,0.0,1
0.0,0.0,2
0.0,0.0,1
0.0,0.0,1
2.54,0.87,1
0.0,0.0,1
0.0,0.0,1
0.0,0.0,1
0.0,0.0,1
0.0,0.0,1
0.0,0.0,2
0.0,0.0,1
0.0,0.0,1
4.18,0.9,1
0.0,0.0,1
0.0,0.0,1
0.0,0.0,1
0.0,0.0,1
0.0,0.0,2
2.3,0.0,18
0.0,0.0,2
0.0,0.0,1
2.06,0.0,8
0.0,0.0,1
0.0,0.0,1
0.0,0.0,1
0.0,0.0,1
0.0,0.0,1
0.0,0.0,2
0.0,0.0,1
0.0,0.0,2
0.0,0.0,1
1.17,0.0,3
0.0,0.0,2
0.0,0.0,1
0.0,0.0,2
0.0,0.0,1
0.0,0.07,1
0.0,0.0,1
0.09,0.0,435
0.0,0.0,1
0.3,12.37,1
0.0,0.0,3
0.0,0.0,1
0.0,0.0,1
0.0,0.0,1
0.0,0.05,4
4.77,0.0,1
0.0,0.0,1
3.2,0.0,2
0.0,0.0,1
0.0,7.0,4
0.0,9.0,1
0.0,0.66,2
0.0,0.0,1
0.0,0.0,1
0.0,0.0,2
0.0,0.0,1
0.0,0.0,1
0.0,0.0,1
0.0,0.0,1
0.0,0.0,1
0.0,3.01,1
0.0,0.0,1
0.0,0.0,1
1.0,0.0,1
0.0,0.0,1
0.0,0.0,1
0.16,0.0,1
0.13,0.0,1
0.0,0.0,1
0.0,0.0,1
0.0,0.0,1
0.0,0.0,1
0.0,0.0,2
0.0,0.0,2
0.0,0.0,1
0.0,0.0,1
0.0,2.03,1
0.0,7.3,1
0.0,0.0,1
0.0,0.0,1
0.0,0.0,1
0.0,0.0,1
0.0,0.0,1
0.0,5.3,1
0.0,0.0,1
0.0,0.0,1
1.04,0.0,3
0.0,0.0,3
0.0,0.0,1
0.0,0.0,1
1.34,0.0,3
0.0,0.0,1
0.0,0.0,1
0.0,0.0,1
0.0,0.0,1
0.0,0.0,1
0.0,12.0,1
0.12,0.0,41
0.0,0.0,1
0.0,0.0,1
0.0,0.0,1
0.0,0.0,1
1.0,0.9,1
0.0,0.0,1
0.0,0.0,1
0.0,0.0,1
0.0,0.0,1
0.0,0.0,1
0.0,0.0,1
2.01,0.0,1
0.0,0.0,1
0.0,0.0,1
0.0,1.39,1
0.0,0.0,1
0.0,0.0,1
0.0,0.0,1
0.0,0.0,1
0.0,0.0,1
0.0,0.0,1
0.0,0.0,1
0.0,0.0,1
0.0,0.0,1
0.0,0.0,2
0.0,0.0,1
0.0,0.0,1
0.0,0.0,1
0.0,0.0,1
0.0,2.4,2
0.0,0.0,1
0.0,0.0,2
0.0,0.0,1
0.0,0.0,1
0.0,0.0,1
0.0,0.0,1
0.0,0.0,1
0.0,0.0,1
0.0,0.0,1
0.6,0.0,1
0.0,0.0,1
15.52,0.0,1
0.0,0.0,1
0.0,0.0,1
0.0,0.0,1
0.0,0.0,1
0.0,0.0,1
0.0,0.0,1
0.0,0.0,1
0.0,0.0,1
0.0,0.0,1
0.0,0.0,1
0.0,0.0,1
0.0,0.0,1
0.0,0.0,1
0.0,17.94,1
0.0,0.0,1
0.0,0.0,1
0.0,0.0,1
0.0,0.0,1
0.0,0.0,1
0.0,0.0,1
0.0,0.0,1
0.0,1.0,109
0.2,0.0,5
0.0,0.0,2
0.0,0.0,1
0.0,0.0,1
0.0,0.0,1
0.0,0.0,1
0.0,0.0,1
0.0,0.0,1
0.0,0.0,1
0.0,0.0,1
0.0,0.0,1
0.0,0.0,1
1.69,0.0,4
0.0,0.0,1
0.0,0.0,2
0.0,0.0,1
0.0,0.81,1
0.0,0.0,1
0.0,0.0,1
0.0,0.0,1
0.0,0.0,1
0.0,0.0,1
0.0,0.0,1
0.0,0.63,1
0.0,0.0,1
0.0,0.0,1
0.0,0.0,1
0.0,0.0,1
0.0,0.0,2
0.0,0.0,1
0.0,0.0,1
0.0,0.0,1
0.0,0.0,1
0.0,0.0,1
0.0,0.0,1
0.0,0.0,1
0.0,0.0,1
2.94,0.0,1
0.0,0.0,1
0.0,0.0,1
0.0,0.0,1
0.0,0.0,1
0.0,0.0,1
0.0,0.0,1
3.84,0.0,1
0.0,0.0,1
0.0,0.0,1
0.0,0.0,1
0.0,0.0,1
1.01,0.0,9
9.27,0.0,1
0.0,0.0,2
0.0,0.0,1
0.0,0.0,1
0.0,0.0,1
0.0,0.0,1
0.0,0.0,1
0.0,0.0,1
0.0,0.0,1
0.0,0.0,1
0.0,0.0,1
0.0,0.0,1
0.0,0.0,1
0.0,4.77,1
0.0,0.0,1
0.0,0.0,1
0.0,0.0,1
0.0,0.0,1
0.0,0.0,1
3.03,0.0,1
0.0,0.0,1
0.0,0.0,1
0.0,0.0,1
0.0,0.0,1
0.0,0.0,1
0.0,0.0,1
0.0,0.0,1
0.0,0.0,1
0.0,0.0,2
0.0,0.0,1
0.0,0.0,1
0.0,3.3,2
1.3,0.0,92
0.0,1.3,18
0.0,0.0,1
0.0,0.0,1
2.36,0.0,1
0.0,0.0,1
0.0,0.0,1
0.0,0.0,1
0.0,0.0,1
0.0,0.0,1
0.0,0.0,1
0.0,0.0,1
0.0,0.0,1
3.1,0.0,1
0.0,0.0,1
0.0,0.0,4
1.0,0.0,1
0.0,0.0,1
0.0,0.0,1
0.0,2.07,1
0.0,0.0,1
0.69,0.36,1
0.0,0.0,1
0.0,0.0,1
0.0,0.0,1
0.0,0.0,1
0.0,0.0,1
0.0,0.0,1
0.0,0.0,1
0.0,0.0,2
0.0,0.0,1
0.0,0.0,1
0.0,0.0,2
0.0,0.0,1
0.0,0.0,1
0.0,0.0,1
0.0,0.0,1
0.0,0.0,1
0.0,0.0,1
0.0,0.0,1
0.0,0.0,1
0.0,0.0,1
4.2,0.0,1
0.0,0.0,1
0.0,0.0,1
0.0,0.0,1
0.0,0.0,1
0.0,0.0,1
0.0,0.0,1
1.0,0.0,1
0.0,0.0,1
0.0,0.0,1
0.0,0.0,1
0.0,0.0,2
2.18,0.0,9
0.0,0.0,1
0.0,0.0,1
0.0,0.0,1
0.0,0.0,1
0.0,0.0,1
0.0,0.0,1
0.0,0.0,1
0.0,0.0,2
0.0,0.0,1
1.23,0.0,1
0.0,0.0,1
0.0,0.0,1
0.0,0.0,1
0.0,0.0,1
0.84,0.0,1
0.0,0.0,1
0.0,0.0,1
0.0,0.0,1
0.0,0.0,1
0.0,0.0,1
0.0,0.02,5
2.02,0.0,2
0.0,0.0,1
0.0,3.32,1
0.0,0.0,2
0.0,0.0,1
0.0,0.0,1
0.0,0.0,2
0.0,0.0,1
0.0,0.0,1
0.0,0.0,1
0.0,0.0,1
0.0,0.0,2
0.0,0.0,1
0.0,0.0,1
0.0,0.0,1
0.0,0.0,1
0.0,0.0,1
0.0,0.0,1
0.0,0.0,2
0.0,0.0,1
3.99,0.0,1
0.0,0.0,1
0.0,0.0,1
0.0,1.0,1
0.0,0.0,1
0.0,0.0,1
0.0,0.0,1
0.0,0.0,1
0.0,0.0,1
0.0,0.0,1
0.0,0.0,1
0.0,0.0,1
0.0,0.0,1
0.0,0.0,1
0.0,0.0,1
0.0,0.0,1
1.78,0.0,1
2.0,0.0,162
0.0,0.0,1
0.0,0.0,1
0.0,0.0,1
0.0,0.0,1
0.0,0.0,1
0.0,0.0,1
0.0,0.0,1
0.0,0.0,1
0.0,0.0,1
0.0,0.0,1
0.0,0.0,1
0.0,0.0,1
0.0,0.0,1
0.0,0.0,1
0.0,0.0,1
0.0,0.0,1
0.0,0.0,1
0.0,0.0,1
0.0,0.0,1
0.0,1.5,4
0.0,0.0,1
0.0,0.0,1
0.0,0.0,1
0.0,0.0,1
0.0,0.0,2
0.0,0.0,1
0.0,0.0,1
0.0,0.0,1
0.0,0.0,1
0.0,0.0,1
0.0,0.0,1
2.4,0.0,1
0.0,0.0,2
0.0,0.0,1
0.0,0.0,2
0.0,0.0,1
0.0,0.0,1
0.0,1.4,1
0.0,0.0,1
0.0,0.0,1
0.0,0.0,1
0.0,0.0,1
0.0,0.0,1
0.0,0.0,2
0.0,0.0,1
0.0,0.0,1
0.0,0.0,3
0.0,0.0,1
0.0,0.0,1
0.0,0.0,1
0.0,0.0,1
0.33,0.3,1
0.0,0.0,1
0.0,0.0,1
2.3,0.3,1
0.0,0.0,1
0.0,0.0,1
0.0,0.0,1
6.54,0.0,1
0.43,0.0,2
0.0,0.0,1
0.0,0.0,2
0.0,0.0,2
0.0,0.0,1
0.0,0.0,1
0.0,0.0,1
0.0,0.0,1
0.0,0.0,1
1.0,0.0,1
0.0,0.0,1
0.0,0.0,1
0.03,0.0,253
0.0,0.0,1
0.99,0.0,7
0.0,0.42,3
0.0,0.0,1
0.0,0.0,2
0.0,0.0,1
1.59,0.0,1
0.0,0.0,1
0.45,0.09,1
0.0,0.0,1
0.0,0.0,3
0.0,0.0,2
0.0,0.0,1
0.0,0.0,1
0.0,0.0,1
0.0,0.0,1
0.0,0.0,1
0.0,0.0,1
0.0,0.0,1
0.07,0.0,2
0.0,0.0,1
0.0,0.0,1
0.0,0.0,1
0.0,0.0,1
0.0,0.0,1
0.0,0.0,2
0.0,0.0,1
0.0,0.0,1
0.0,0.0,1
0.0,0.0,1
5.6,0.0,1
0.0,0.0,1
0.0,0.0,1
1.0,0.0,1
0.0,0.0,1
0.0,0.31,2
0.0,0.0,1
0.0,0.0,1
0.0,0.0,3
0.0,0.0,1
0.0,0.0,1
0.09,5.77,1
0.0,0.0,2
0.0,0.0,1
0.0,0.0,3
0.0,0.0,3
0.0,0.0,1
0.0,0.0,1
0.0,1.71,1
0.0,0.0,1
0.0,0.0,1
0.0,0.0,1
0.0,0.0,1
2.42,0.0,1
0.0,0.0,1
1.0,1.0,1
0.0,0.0,1
0.0,0.0,1
0.0,0.0,1
0.63,0.0,6
0.0,0.0,1
0.0,0.0,1
0.0,0.0,1
2.0,0.45,1
0.0,0.0,1
0.0,0.0,1
0.0,0.0,1
0.0,0.0,1
2.29,0.0,1
0.0,0.0,1
0.0,0.0,1
0.0,11.0,2
0.0,0.0,1
0.0,0.0,1
0.0,0.0,1
4.0,0.72,1
0.0,0.0,1
0.0,0.0,1
0.01,0.15,1
1.8,0.0,6
0.0,0.0,2
0.0,0.0,1
0.0,0.0,1
0.0,0.0,1
0.0,0.0,1
0.0,0.0,1
0.0,0.0,1
0.0,0.0,1
0.0,0.0,3
0.0,0.0,1
0.0,0.0,1
0.0,0.0,1
0.0,0.0,1
0.0,0.0,1
0.0,0.0,1
0.0,0.0,1
0.0,0.0,1
1.15,0.0,1
0.0,0.0,1
0.0,2.39,1
0.0,0.0,1
0.0,0.0,1
0.0,0.0,1
0.0,0.0,1
0.0,0.0,1
0.0,0.0,1
0.0,1.03,4
0.0,0.0,1
0.0,0.0,1
0.0,0.0,1
0.0,0.0,1
0.0,0.0,1
0.0,0.0,1
0.0,0.0,1
0.57,0.0,2
0.0,0.0,1
0.0,0.0,1
0.0,0.0,1
0.0,0.0,1
0.0,0.0,1
0.5,0.0,1
0.0,0.0,1
0.0,7.5,1
0.0,0.54,2
0.0,0.0,1
0.0,0.0,1
0.0,0.0,1
0.0,0.0,1
0.0,0.0,1
0.0,0.0,1
0.0,0.0,1
0.0,0.0,1
0.0,0.0,1
0.0,0.0,1
0.0,0.0,1
0.0,0.0,1
0.0,0.0,2
0.0,0.0,1
0.0,10.3,2
0.0,0.0,1
0.0,0.0,1
0.0,0.0,1
4.51,0.0,1
0.0,0.0,1
0.0,0.0,1
0.0,0.0,1
0.0,0.0,1
0.0,0.0,1
0.0,0.0,1
0.0,0.0,1
0.09,4.04,1
0.0,0.0,2
3.9,0.0,6
0.0,0.0,1
0.0,0.0,1
0.0,0.0,1
0.0,0.0,1
0.0,0.0,1
0.0,0.0,1
0.0,0.0,1
0.03,0.02,1
0.0,0.0,1
0.0,0.0,1
0.01,0.05,1
0.0,0.0,1
0.0,0.0,1
0.0,0.0,1
0.0,0.0,1
0.0,0.0,1
5.0,0.0,5
0.0,20.0,1
0.0,0.0,1
0.0,0.0,1
0.0,0.0,2
0.0,0.0,1
0.54,0.0,3
0.0,0.0,1
0.0,0.0,1
3.09,0.0,2
0.0,0.0,1
0.0,0.0,1
0.0,0.0,1
0.0,0.0,1
0.0,0.0,1
0.0,0.0,1
0.0,2.06,1
0.0,0.0,1
0.0,0.0,1
0.0,0.0,1
0.0,0.0,1
0.0,0.0,1
0.0,0.0,1
0.0,0.0,1
2.78,0.0,5
0.0,0.0,1
1.33,0.0,8
0.0,0.0,1
0.0,0.0,1
0.0,0.0,1
0.0,0.0,2
0.0,0.0,1
0.0,0.0,1
0.0,0.0,1
0.0,0.0,2
0.0,0.0,1
0.0,0.0,1
0.0,0.0,1
0.0,0.46,1
0.0,0.0,1
0.0,0.0,1
0.0,0.0,1
0.0,0.0,1
0.0,0.0,1
0.78,0.6,1
3.3,0.0,7
8.0,0.0,2
0.0,0.0,1
0.0,0.0,2
0.0,0.0,1
0.0,0.0,1
0.0,4.63,2
0.0,0.0,1
0.0,0.0,2
0.0,0.0,1
0.0,0.0,1
3.27,0.0,2
0.0,0.0,1
0.0,0.0,1
0.0,0.0,2
2.26,0.0,1
0.0,0.0,1
0.0,0.0,1
0.0,11.3,1
0.0,0.0,1
0.0,1.17,1
0.0,3.03,1
0.6,0.0,109
8.6,0.0,1
0.0,0.0,1
0.0,0.0,1
0.0,0.0,2
0.0,0.0,1
0.0,0.0,1
0.0,0.0,1
0.0,0.0,2
0.0,8.08,1
0.0,0.0,1
0.0,0.0,2
0.0,0.0,1
0.0,0.0,1
2.39,0.12,1
0.0,0.0,1
0.0,0.0,1
0.0,0.0,1
0.0,0.0,1
0.0,0.0,1
0.0,0.0,1
0.0,0.0,1
0.0,0.03,44
0.0,0.0,1
0.48,0.0,9
0.0,0.0,1
0.0,0.0,1
0.0,0.0,1
0.0,0.0,1
1.03,4.0,1
0.0,0.0,2
0.0,0.0,1
0.0,0.0,1
0.0,0.0,1
0.0,0.0,1
0.0,0.0,1
0.0,0.0,1
0.0,0.0,1
0.0,1.75,1
0.0,0.0,1
0.0,0.0,1
0.0,0.0,1
0.0,0.0,1
0.0,0.0,1
0.0,0.0,1
0.0,0.0,1
0.0,0.0,1
0.0,0.0,1
0.0,0.0,1
0.0,13.23,1
0.0,0.0,1
0.0,0.0,1
0.0,0.0,1
0.0,0.0,1
0.0,0.0,1
0.0,0.0,1
0.0,0.0,1
0.78,0.0,13
0.0,0.15,1
0.0,0.0,2
0.0,0.0,1
0.0,0.0,1
0.0,0.0,1
0.0,0.0,1
0.0,0.0,1
1.06,0.0,2
0.0,0.0,1
1.31,0.0,1
0.0,0.0,1
0.0,0.0,1
0.0,0.0,1
4.26,0.0,1
0.0,0.0,1
0.0,0.0,1
0.0,0.0,1
0.0,0.0,1
0.0,0.0,1
1.0,4.0,1
0.0,1.33,1
0.0,0.0,2
0.0,0.0,1
0.04,0.0,12
0.0,0.0,1
0.0,0.0,1
0.0,0.0,1
0.0,0.0,1
0.0,0.0,1
0.0,0.0,1
0.0,0.0,1
0.0,0.0,1
0.0,0.0,1
0.0,0.0,1
0.0,0.0,1
0.0,0.0,1
0.0,0.0,1
0.0,0.0,1
0.0,0.0,1
0.39,0.0,58
2.05,0.0,1
0.0,0.0,1
0.0,0.0,1
0.0,0.0,1
0.0,0.0,1
0.0,0.0,1
0.0,0.0,1
0.0,0.0,1
0.0,0.0,1
0.0,0.0,1
0.0,0.0,1
0.0,0.0,1
0.0,0.0,1
0.0,0.0,1
0.0,0.0,1
0.0,0.0,1
0.0,0.0,1
0.0,0.0,1
0.0,0.0,1
0.0,0.0,1
0.0,0.0,1
0.0,0.0,1
0.0,0.0,1
0.0,0.2,1
0.0,0.0,1
0.0,0.0,1
8.47,0.0,1
1.3,5.5,1
0.0,0.0,1
0.0,0.0,1
0.0,0.0,1
0.0,0.0,1
0.0,0.0,1
0.0,0.0,1
0.0,0.0,2
0.0,0.0,1
0.0,0.0,1
0.0,0.0,2
0.0,0.0,1
0.09,0.18,1
0.0,0.0,1
0.0,0.0,1
0.0,0.0,1
0.0,0.0,1
0.0,0.0,1
0.0,0.0,1
0.68,0.0,1
0.0,0.0,1
0.0,0.0,1
0.0,0.0,1
0.0,0.0,1
0.0,0.0,1
0.0,0.0,1
0.0,0.0,1
0.0,0.0,1
0.0,0.0,1
0.0,0.0,1
0.0,0.0,1
0.61,16.48,1
0.0,0.0,1
3.98,0.0,1
0.0,0.0,1
0.0,0.0,1
0.0,0.0,2
0.0,0.0,1
0.0,0.0,1
0.0,0.0,1
0.0,0.0,1
0.0,0.0,1
0.0,0.0,1
1.99,0.0,1
0.0,0.0,1
0.0,0.0,1
0.0,0.0,1
0.0,0.0,1
0.0,0.0,1
0.0,0.0,1
0.0,0.0,1
0.0,0.0,1
0.0,0.0,1
0.0,0.0,1
0.0,0.0,1
0.0,0.0,1
0.0,0.0,1
0.0,0.0,1
5.23,0.0,1
0.0,0.0,1
0.0,0.0,1
0.0,0.0,1
0.0,0.0,1
0.0,0.0,1
0.0,0.0,1
0.0,0.0,1
2.86,0.0,1
0.0,0.0,1
0.0,0.0,1
0.0,8.0,3
0.0,0.0,1
0.0,0.0,1
0.0,0.0,1
0.0,0.06,17
0.0,0.0,1
0.0,0.0,1
0.0,0.0,1
0.0,0.0,1
0.0,0.0,1
0.0,0.0,1
0.0,0.0,1
0.0,0.0,1
0.0,0.0,1
0.0,0.0,1
0.0,3.9,1
0.0,0.0,1
0.0,0.0,1
0.0,0.0,1
0.0,0.0,1
0.0,0.0,1
0.0,0.0,1
0.0,0.0,1
0.0,0.0,1
0.0,0.0,1
0.0,0.0,1
0.42,0.0,8
0.0,0.0,1
0.0,0.0,1
0.0,0.0,1
0.0,0.0,1
0.0,0.0,1
0.0,0.0,1
0.0,0.0,1
0.0,0.0,1
0.0,0.0,1
0.0,0.0,1
0.0,0.0,1
0.0,0.0,1
0.0,0.0,1
0.0,0.0,1
0.0,0.0,1
1.92,2.0,1
3.15,0.0,1
0.0,0.0,2
0.0,0.0,2
0.0,0.0,1
0.0,0.0,1
0.0,0.0,1
0.0,0.0,1
0.0,0.0,1
0.0,0.0,1
3.58,0.0,1
0.0,0.0,1
0.0,0.0,1
3.5,0.0,2
0.0,0.0,1
1.1,0.0,3
3.72,0.0,1
0.0,0.0,1
0.81,0.0,2
0.0,0.0,1
0.0,0.0,2
0.0,0.0,1
0.0,11.89,1
0.0,0.0,1
0.0,0.0,1
0.0,0.0,1
0.0,0.0,1
0.0,0.0,1
0.0,0.0,1
0.0,0.0,3
0.0,0.0,1
0.1,0.0,12
0.0,0.0,1
0.0,0.0,1
0.0,0.0,1
0.0,0.0,1
0.0,0.0,1
0.0,0.0,1
0.0,0.0,1
0.0,2.08,1
0.0,0.0,1
1.33,1.33,1
0.0,0.0,1
0.0,0.0,1
0.0,0.0,1
0.0,0.0,1
0.0,0.0,1
0.0,0.39,11
0.0,0.0,1
2.42,0.9,1
0.0,0.0,2
0.0,0.0,1
0.0,1.2,3
0.0,0.01,13
0.0,0.0,2
0.0,0.0,2
0.0,0.0,1
0.0,0.0,1
1.03,1.03,1
0.0,0.0,1
0.0,0.0,1
0.0,0.0,1
0.02,0.0,19
3.96,0.0,1
0.0,0.0,1
0.09,0.09,2
0.0,0.0,1
0.0,0.0,1
0.0,0.0,1
1.0,0.42,1
0.0,0.0,1
0.0,5.32,2
0.0,0.0,1
0.0,0.0,1
0.0,0.0,1
0.0,0.0,1
0.0,0.0,1
0.0,0.0,1
0.0,0.0,1
0.0,0.0,1
0.0,0.0,1
0.0,0.0,1
0.0,0.0,1
0.0,7.95,1
0.0,0.0,1
0.0,0.0,1
0.0,0.0,1
0.0,0.0,1
0.0,0.0,1
0.0,0.0,1
0.01,0.03,1
0.0,0.0,2
0.0,0.0,1
0.0,0.0,1
0.0,0.0,1
0.0,0.0,1
0.0,0.0,1
0.0,0.0,1
0.03,0.4,1
0.0,0.93,1
0.0,0.45,1
0.0,0.0,1
0.0,0.0,1
0.03,0.0,1
0.0,0.0,1
0.0,0.0,1
0.0,0.0,1
0.0,0.0,1
0.0,0.0,1
0.0,0.0,1
0.0,0.0,2
0.0,0.0,1
0.0,0.0,1
0.0,0.0,1
0.0,0.0,1
0.0,0.0,1
0.04,1.0,1
0.0,0.0,1
0.0,0.0,1
1.0,0.3,3
0.0,0.0,1
0.0,0.0,1
0.24,0.0,7
0.0,0.0,1
0.0,0.0,1
3.39,0.0,1
0.0,0.0,2
0.0,0.0,1
4.3,0.0,1
0.0,0.0,2
0.0,0.0,1
0.0,0.0,1
0.0,0.0,2
0.33,3.0,1
0.0,0.0,1
1.12,0.0,5
0.0,0.0,1
0.0,0.0,1
0.0,0.0,1
0.0,0.0,1
0.0,0.0,1
0.0,0.0,1
0.0,0.0,1
0.0,0.0,1
0.33,0.0,39
0.0,0.0,1
0.0,6.5,1
0.0,0.0,1
0.0,0.0,1
0.0,0.0,1
0.0,0.0,1
0.0,0.0,1
0.0,0.0,1
0.0,1.0,1
0.0,0.0,1
1.43,0.0,1
0.0,0.0,1
0.0,0.0,1
0.0,0.0,1
0.0,0.0,1
0.37,0.0,2
0.0,0.0,2
0.0,0.0,2
0.0,0.0,2
0.0,0.0,1
0.0,1.8,2
0.0,0.0,1
0.0,0.0,1
1.0,1.2,1
0.0,0.0,1
0.0,0.0,1
0.0,0.0,1
0.6,0.03,1
0.0,0.0,1
0.0,0.0,1
0.0,0.0,1
0.0,0.0,1
0.0,0.0,1
0.0,0.0,1
0.0,0.0,1
0.0,0.0,1
0.0,15.4,1
0.0,0.0,1
0.0,0.0,1
0.0,0.0,1
0.0,0.0,1
0.0,0.0,1
0.0,0.0,1
0.0,0.0,1
0.0,0.0,1
0.0,0.0,1
0.0,0.0,1
0.0,0.0,2
0.0,0.0,1
0.0,0.0,1
0.0,0.0,1
0.0,0.0,1
0.0,0.0,1
0.0,0.0,1
3.11,0.0,1
0.0,0.0,3
1.6,0.0,9
0.0,0.0,1
0.0,0.0,2
0.0,0.0,1
0.0,4.99,1
0.0,0.0,1
0.0,0.0,2
0.0,0.0,1
0.0,0.9,1
0.0,0.0,1
0.0,0.0,1
0.0,0.0,1
0.0,0.0,1
0.0,0.0,1
0.0,0.0,1
0.0,0.0,1
0.0,0.0,1
0.0,0.0,1
0.12,0.3,1
10.27,0.0,1
0.0,0.0,1
0.0,0.4,2
0.0,0.0,1
0.0,0.0,1
0.0,0.0,1
0.0,0.0,1
0.0,0.0,1
0.0,0.0,1
0.0,0.0,1
0.0,0.0,1
0.0,0.0,1
0.0,0.0,1
0.0,0.0,1
0.0,0.0,1
0.0,0.0,1
0.0,0.0,1
0.0,0.0,1
0.0,0.0,1
6.59,0.0,1
0.0,0.0,1
0.0,0.0,1
6.0,0.0,3
0.0,0.0,1
0.0,0.0,1
0.0,0.0,1
0.0,0.0,1
1.5,0.0,5
0.0,0.0,1
0.0,0.0,1
0.0,0.0,1
0.0,0.0,1
1.18,0.0,4
0.0,0.0,1
0.0,0.0,1
7.2,0.0,1
0.0,0.0,1
0.0,0.0,1
10.0,0.0,1
0.0,0.0,1
0.0,0.0,1
0.0,0.0,2
0.0,0.0,1
0.0,0.0,1
0.0,0.0,1
0.0,2.74,1
0.0,0.0,1
0.0,0.0,1
0.0,0.0,1
0.34,0.0,2
0.0,0.0,1
0.0,0.0,1
0.0,0.0,1
0.27,0.0,18
0.0,0.0,1
0.0,0.0,1
0.0,0.0,2
0.0,1.9,2
2.6,0.0,22
0.0,0.0,1
0.0,0.0,1
0.0,0.0,1
0.0,0.0,1
0.0,0.0,1
0.0,0.0,1
0.0,0.0,1
0.0,0.0,1
0.0,0.0,2
0.0,0.0,1
0.0,0.0,1
0.0,0.0,1
0.09,1.0,1
0.0,3.39,1
0.0,0.0,1
0.0,0.0,1
0.0,0.0,1
1.09,0.0,54
0.41,0.0,1
0.0,0.0,1
0.0,0.0,1
0.0,0.0,1
0.0,0.0,1
0.0,0.0,1
0.0,0.0,1
0.0,0.0,1
0.0,0.0,1
0.0,0.0,1
0.0,0.0,1
0.0,0.0,1
6.5,4.08,1
0.0,0.0,1
0.0,0.0,1
2.44,0.0,1
0.0,0.0,1
0.0,0.0,1
0.0,0.0,1
0.0,0.0,1
0.0,0.0,1
1.42,0.0,7
0.0,0.0,1
0.0,2.19,1
0.0,0.0,1
0.0,0.0,1
0.0,0.0,2
0.0,0.0,1
2.38,0.0,1
0.0,0.0,1
0.0,0.0,1
0.0,0.0,1
0.0,0.0,1
0.0,0.0,1
0.0,0.0,1
0.0,0.0,1
0.0,0.0,1
0.0,0.0,1
0.0,0.0,1
0.0,0.0,1
0.0,0.0,1
0.0,0.0,1
0.0,9.69,1
0.0,0.0,1
0.0,0.0,1
0.0,0.0,1
0.0,0.0,1
0.0,0.0,1
0.28,0.0,1
0.0,0.0,1
0.6,0.0,1
0.0,0.0,1
0.0,0.0,2
0.9,0.03,1
8.17,1.33,1
0.0,0.0,1
0.0,0.0,1
6.6,0.0,1
0.0,0.0,1
0.0,0.0,1
0.0,0.0,1
0.0,0.0,1
0.0,0.0,1
6.64,0.0,1
0.0,0.0,1
0.0,0.0,1
0.0,0.0,1
0.0,0.0,1
0.0,0.0,1
0.0,0.0,2
0.0,0.0,1
0.0,0.0,1
3.6,0.0,4
1.2,0.0,11
0.0,0.0,1
0.0,0.0,2
0.0,0.0,1
0.0,0.0,1
0.0,0.0,1
0.0,0.0,3
0.0,0.0,1
0.0,0.0,1
0.0,0.0,1
0.0,0.0,1
0.0,0.0,1
0.0,0.0,1
0.0,0.0,1
0.0,0.0,1
0.0,0.0,1
0.0,0.0,1
0.0,0.0,1
0.0,0.0,1
0.0,0.0,1
0.0,0.0,1
0.0,0.0,1
0.0,0.0,1
0.0,0.0,1
0.0,0.0,1
0.0,0.0,1
0.0,1.6,1
0.0,0.0,1
0.0,0.0,1
0.0,0.0,1
0.0,0.0,1
0.0,0.0,1
0.0,0.0,1
0.0,0.0,1
0.0,0.0,1
3.0,0.0,41
0.0,3.0,25
0.0,0.0,2
0.0,0.0,2
0.0,0.0,2
2.96,0.0,2
0.0,0.0,1
0.0,0.0,1
0.0,0.0,2
0.0,0.0,1
0.0,0.0,1
0.0,1.09,5
0.0,0.0,1
0.0,0.0,1
0.0,0.0,1
0.0,0.0,1
0.0,0.0,1
0.0,0.0,1
0.27,0.09,1
0.0,0.0,1
0.0,0.0,1
0.0,0.0,1
0.0,0.0,1
0.0,0.0,1
0.0,0.0,1
0.0,0.0,1
0.0,0.0,1
0.0,0.0,2
0.0,0.0,1
0.0,0.0,1
0.0,0.0,1
0.0,8.2,1
0.0,0.0,1
0.0,0.0,1
0.0,0.0,2
0.0,0.0,1
0.0,0.0,1
0.0,1.72,1
0.0,0.0,1
0.0,0.0,1
0.0,0.0,1
0.0,0.0,1
0.0,0.0,1
0.0,0.0,1
1.0,0.27,1
0.0,0.0,1
0.0,3.44,1
0.0,0.0,1
0.0,0.0,1
0.0,0.0,2
0.0,0.0,1
0.0,0.0,1
0.0,0.0,1
0.0,0.0,1
0.0,0.0,1
0.0,0.0,2
0.0,0.0,1
0.0,0.0,1
0.0,0.0,1
0.0,0.0,2
0.0,0.0,1
0.0,0.0,1
0.0,0.0,1
0.0,0.0,1
0.0,0.0,1
0.0,0.0,1
0.0,0.0,1
0.0,4.0,13
0.0,0.0,1
0.0,0.0,1
0.0,0.0,1
0.0,0.0,1
0.0,0.0,1
0.0,0.0,1
4.9,0.0,1
0.0,0.0,1
0.0,0.0,1
0.0,0.0,1
0.0,0.0,1
0.0,0.0,1
0.0,0.0,1
0.0,0.0,1
0.0,0.0,1
0.0,0.0,1
0.0,0.0,1
0.0,0.0,1
0.0,0.0,1
0.0,0.0,1
0.0,0.0,1
0.0,0.0,1
3.69,0.0,1
0.0,0.0,1
0.0,0.0,1
0.0,0.0,1
0.0,0.0,1
0.0,0.0,1
0.0,0.0,1
0.0,0.0,1
3.0,1.0,2
1.0,5.0,1
2.33,0.0,1
0.0,0.0,2
5.32,0.0,1
0.0,0.0,1
0.0,0.0,1
2.11,0.0,1
0.0,0.0,1
0.0,0.0,1
0.0,0.0,1
0.0,0.0,1
0.0,0.0,1
2.66,0.0,2
0.0,0.0,1
0.0,0.0,1
0.0,0.0,1
0.0,1.57,1
0.01,0.0,98
0.06,0.0,40
0.0,0.0,2
0.12,0.0,1
0.0,0.0,1
0.0,0.0,1
0.0,0.0,1
0.0,0.0,1
0.0,0.0,1
0.0,0.0,2
0.0,0.0,1
0.0,0.0,1
0.0,0.0,1
0.0,0.0,1
0.0,0.0,1
0.0,0.0,1
0.0,0.0,1
0.0,0.0,1
0.0,0.0,1
0.0,0.0,1
0.0,0.0,1
0.0,0.0,1
0.0,0.0,1
0.0,0.0,1
0.0,0.0,1
0.0,0.0,1
0.0,0.78,2
0.0,0.0,1
0.0,0.0,1
2.0,0.6,2
0.0,9.27,1
0.0,0.0,1
0.09,0.01,1
0.0,1.15,1
0.0,0.0,1
0.0,0.0,1
0.0,0.0,1
0.0,0.0,1
0.0,0.0,1
0.0,0.0,1
0.0,0.0,1
0.0,0.0,1
0.0,0.0,1
0.0,1.42,1
0.3,0.03,1
0.0,0.0,1
0.0,0.0,2
0.0,0.36,8
0.0,0.0,1
0.0,0.0,1
0.0,0.0,1
0.0,0.0,2
0.0,0.0,1
0.0,0.0,1
0.0,0.0,1
0.0,0.0,1
0.0,0.0,1
0.0,0.0,1
0.0,0.0,1
0.0,0.0,1
0.0,0.0,1
0.0,0.0,1
0.0,0.0,1
0.0,0.0,1
0.25,0.0,1
0.0,0.0,1
0.0,0.0,1
0.0,0.0,1
0.0,0.0,1
0.0,31.4,1
0.0,0.0,1
0.0,0.0,1
0.0,0.0,1
0.0,0.0,2
0.0,0.0,1
0.15,0.0,5
0.0,0.0,1
0.0,0.0,3
0.0,0.0,1
0.0,0.0,1
0.0,0.0,1
0.0,0.0,1
0.0,0.0,1
0.0,0.0,1
0.0,0.0,2
0.3,0.36,1
0.0,0.0,1
0.0,0.0,1
0.0,0.0,1
0.0,0.0,1
0.0,0.0,1
0.0,0.0,1
0.0,0.0,1
0.0,0.0,1
4.0,0.0,19
0.0,0.0,1
4.09,0.0,2
0.0,0.0,1
1.62,0.0,1
0.0,0.0,1
0.09,0.06,1
0.0,0.0,1
0.79,0.0,1
0.0,0.0,1
0.0,0.0,1
0.0,0.0,1
0.0,0.0,1
0.0,0.0,1
0.0,0.0,1
0.0,0.0,1
0.0,0.0,1
0.0,0.0,1
0.0,0.0,2
0.0,0.0,1
0.0,0.0,1
0.0,0.0,1
0.0,0.24,1
0.0,0.0,1
0.0,0.0,1
0.0,0.0,1
0.0,5.0,3
0.0,0.0,1
0.0,0.0,1
1.6,3.0,1
0.0,0.0,1
0.0,0.0,2
0.0,0.0,1
0.0,0.0,2
0.0,1.77,1
0.0,0.0,3
0.0,0.0,1
0.0,1.59,1
0.0,0.0,1
0.0,0.0,1
0.0,0.6,1
0.0,0.0,1
0.0,0.0,1
0.0,0.0,1
0.0,0.0,1
0.0,0.0,1
0.0,2.18,1
0.0,0.0,1
0.0,0.0,1
0.0,0.0,2
0.0,0.0,1
0.0,0.0,1
0.0,0.0,1
1.61,0.0,1
0.0,0.0,2
0.0,0.0,1
0.0,0.0,2
0.0,0.0,1
0.0,0.0,1
0.0,0.0,1
0.0,0.0,2
0.0,0.0,1
0.0,0.0,1
0.0,3.6,2
0.0,0.0,1
0.0,0.0,1
2.09,0.0,10
0.0,0.0,2
0.0,0.0,3
0.0,0.0,1
0.0,3.4,1
0.0,0.0,2
0.0,0.0,1
0.0,2.7,3
0.0,0.0,1
0.0,0.0,1
0.0,0.0,1
0.0,0.0,1
0.0,0.0,1
0.0,0.0,1
0.0,0.0,1
0.0,1.41,1
0.0,0.0,1
8.09,0.0,1
0.0,0.0,1
0.45,0.0,3
0.0,0.0,2
0.0,0.0,1
0.0,0.0,1
0.0,0.0,1
0.0,0.0,2
0.0,0.0,2
0.0,0.0,1
0.0,0.0,1
0.0,0.0,1
0.3,0.3,3
0.0,0.0,1
0.0,0.0,1
0.0,0.0,1
0.0,0.0,1
0.0,0.0,1
0.0,0.0,1
2.24,0.0,1
0.0,0.0,1
5.33,0.0,1
0.0,0.0,1
0.0,0.0,1
0.0,0.0,1
0.0,0.0,1
0.0,0.0,1
0.0,0.0,1
0.0,0.0,1
0.0,0.0,1
0.0,0.0,1
0.0,0.0,1
0.0,0.0,1
0.0,0.0,1
0.0,0.0,1
0.0,0.0,1
0.24,0.01,1
0.0,0.0,1
0.0,0.0,1
0.0,13.0,1
0.0,0.0,1
0.0,0.0,1
0.0,0.0,1
0.0,0.0,1
0.0,0.0,1
0.0,0.0,1
0.0,0.0,1
0.0,0.0,1
2.08,0.0,1
0.0,0.0,1
0.0,0.0,1
0.0,0.0,1
0.0,0.0,1
0.0,4.53,1
0.0,0.0,1
2.81,0.0,1
0.0,0.0,1
0.0,0.0,1
0.0,0.0,1
0.0,0.0,1
0.0,0.0,1
0.0,0.0,1
0.0,0.0,1
0.0,0.0,1
0.0,0.0,1
0.0,0.0,1
0.0,0.0,1
0.0,0.0,1
0.0,0.0,1
0.0,0.0,1
0.0,7.63,1
0.0,0.0,1
0.0,0.0,1
0.0,0.0,1
0.0,4.18,1
0.0,0.0,1
0.0,0.0,1
0.0,0.0,1
1.72,0.0,4
0.0,0.0,1
0.88,0.0,1
0.0,0.0,1
0.0,0.0,1
0.0,0.0,1
0.0,4.81,1
0.0,0.0,1
0.0,0.0,1
0.0,0.0,1
0.0,0.0,1
0.0,0.0,1
0.0,0.0,1
0.0,0.0,1
0.0,0.0,2
0.0,0.0,1
0.0,0.0,1
0.0,0.0,2
0.0,0.0,1
1.0,0.0,1
0.0,0.0,1
0.09,0.6,1
0.0,0.0,1
0.0,0.0,1
0.0,0.0,1
0.0,0.0,1
0.0,0.0,1
0.0,0.0,1
0.0,0.0,1
0.0,0.0,1
0.0,0.0,1
0.0,0.0,1
0.31,0.0,8
0.0,0.0,1
0.0,0.0,1
0.0,0.0,2
1.48,0.0,2
0.0,0.0,1
0.0,0.0,1
0.0,0.0,1
0.0,0.0,1
0.0,0.0,1
0.0,0.0,1
0.0,0.0,1
0.0,0.0,1
6.3,0.0,1
0.0,0.0,1
0.0,0.0,1
0.0,0.0,1
0.0,0.0,1
0.0,0.0,1
0.0,0.0,2
0.0,0.0,2
0.0,2.6,5
0.0,9.4,1
0.0,0.0,1
2.48,0.0,3
0.0,0.0,1
0.0,0.0,1
0.0,0.0,1
0.0,0.0,1
0.0,0.0,1
0.0,0.0,1
0.0,0.0,1
0.0,0.0,1
0.0,0.0,1
0.0,0.0,1
0.0,0.0,1
0.0,0.0,1
0.0,0.0,1
0.0,0.0,1
0.0,0.0,1
0.0,0.0,2
0.0,0.0,2
0.0,0.0,1
0.0,0.0,1
0.0,0.0,1
0.0,0.0,1
0.0,0.0,1
0.0,0.0,1
0.0,0.0,1
0.0,0.0,1
0.0,0.0,1
0.0,0.0,1
0.0,0.0,1
0.0,0.0,1
0.0,0.0,1
0.03,0.0,1
0.0,0.0,1
0.0,0.0,1
0.0,0.0,1
0.0,0.0,1
0.0,0.0,1
0.0,0.0,1
0.0,0.0,1
0.0,7.59,1
0.0,0.0,2
0.0,0.0,2
0.0,0.0,2
0.0,0.0,1
0.0,0.0,1
0.0,0.0,1
0.0,0.0,1
0.0,0.0,1
0.0,0.0,1
0.0,0.0,1
0.0,0.0,1
2.84,0.0,2
0.0,0.0,1
0.0,10.79,1
0.0,0.0,1
0.0,0.0,1
0.0,0.0,1
0.0,0.0,1
0.0,3.09,1
0.0,0.0,1
0.0,0.0,1
0.0,0.0,1
0.0,0.0,1
0.0,0.0,1
4.36,0.0,1
0.0,0.0,1
0.0,0.0,1
0.0,0.0,1
0.0,0.0,1
0.0,0.0,1
0.0,0.0,1
